"LOCATION","INDICATOR","SUBJECT","MEASURE","FREQUENCY","TIME","Value","Flag Codes"
"AUS","WAGEGAP","EMPLOYEE","PC","A","1975",21.58,
"AUS","WAGEGAP","EMPLOYEE","PC","A","1976",20.75,
"AUS","WAGEGAP","EMPLOYEE","PC","A","1977",18.39,
"AUS","WAGEGAP","EMPLOYEE","PC","A","1978",19.79,
"AUS","WAGEGAP","EMPLOYEE","PC","A","1979",20,
"AUS","WAGEGAP","EMPLOYEE","PC","A","1980",18.75,
"AUS","WAGEGAP","EMPLOYEE","PC","A","1981",18.25,
"AUS","WAGEGAP","EMPLOYEE","PC","A","1982",20.82,
"AUS","WAGEGAP","EMPLOYEE","PC","A","1983",19.16,
"AUS","WAGEGAP","EMPLOYEE","PC","A","1984",18.67,
"AUS","WAGEGAP","EMPLOYEE","PC","A","1985",19.61,
"AUS","WAGEGAP","EMPLOYEE","PC","A","1986",18.85,
"AUS","WAGEGAP","EMPLOYEE","PC","A","1987",18.52,
"AUS","WAGEGAP","EMPLOYEE","PC","A","1988",18.79,
"AUS","WAGEGAP","EMPLOYEE","PC","A","1989",18.59,
"AUS","WAGEGAP","EMPLOYEE","PC","A","1990",18.18,
"AUS","WAGEGAP","EMPLOYEE","PC","A","1991",16.02,
"AUS","WAGEGAP","EMPLOYEE","PC","A","1992",14.26,
"AUS","WAGEGAP","EMPLOYEE","PC","A","1993",13.22,
"AUS","WAGEGAP","EMPLOYEE","PC","A","1994",14.41,
"AUS","WAGEGAP","EMPLOYEE","PC","A","1995",14.48,
"AUS","WAGEGAP","EMPLOYEE","PC","A","1997",15.25,
"AUS","WAGEGAP","EMPLOYEE","PC","A","1998",13.24,
"AUS","WAGEGAP","EMPLOYEE","PC","A","1999",14.29,
"AUS","WAGEGAP","EMPLOYEE","PC","A","2000",17.2,
"AUS","WAGEGAP","EMPLOYEE","PC","A","2001",14.34,
"AUS","WAGEGAP","EMPLOYEE","PC","A","2002",15,
"AUS","WAGEGAP","EMPLOYEE","PC","A","2003",13.04,
"AUS","WAGEGAP","EMPLOYEE","PC","A","2004",14.35,
"AUS","WAGEGAP","EMPLOYEE","PC","A","2005",15.78,
"AUS","WAGEGAP","EMPLOYEE","PC","A","2006",16.67,
"AUS","WAGEGAP","EMPLOYEE","PC","A","2007",15.4,
"AUS","WAGEGAP","EMPLOYEE","PC","A","2008",11.94,
"AUS","WAGEGAP","EMPLOYEE","PC","A","2009",16.36,
"AUS","WAGEGAP","EMPLOYEE","PC","A","2010",14.04,
"AUS","WAGEGAP","EMPLOYEE","PC","A","2011",15.97,
"AUS","WAGEGAP","EMPLOYEE","PC","A","2012",13.75,
"AUS","WAGEGAP","EMPLOYEE","PC","A","2013",18,
"AUS","WAGEGAP","EMPLOYEE","PC","A","2014",15.77,
"AUS","WAGEGAP","EMPLOYEE","PC","A","2015",13.31,
"AUS","WAGEGAP","EMPLOYEE","PC","A","2016",13.73,
"AUS","WAGEGAP","EMPLOYEE","PC","A","2017",13,
"AUS","WAGEGAP","EMPLOYEE","PC","A","2018",13.45,
"AUS","WAGEGAP","EMPLOYEE","PC","A","2019",15.31,
"AUS","WAGEGAP","EMPLOYEE","PC","A","2020",10.53,
"AUS","WAGEGAP","EMPLOYEE","PC","A","2021",10.47,
"AUS","WAGEGAP","EMPLOYEE","PC","A","2022",9.88,
"AUT","WAGEGAP","SELFEMPLOYED","PC","A","2003",51.796035767,
"AUT","WAGEGAP","SELFEMPLOYED","PC","A","2004",49.966068268,
"AUT","WAGEGAP","SELFEMPLOYED","PC","A","2005",49.897182465,
"AUT","WAGEGAP","SELFEMPLOYED","PC","A","2006",47.264545441,
"AUT","WAGEGAP","SELFEMPLOYED","PC","A","2007",48.468040466,
"AUT","WAGEGAP","SELFEMPLOYED","PC","A","2008",48.604099274,
"AUT","WAGEGAP","SELFEMPLOYED","PC","A","2009",46.530117035,
"AUT","WAGEGAP","SELFEMPLOYED","PC","A","2010",45.362171173,
"AUT","WAGEGAP","SELFEMPLOYED","PC","A","2011",44.058097839,
"AUT","WAGEGAP","SELFEMPLOYED","PC","A","2012",45.369796753,
"AUT","WAGEGAP","SELFEMPLOYED","PC","A","2013",46.318145752,
"AUT","WAGEGAP","SELFEMPLOYED","PC","A","2014",48.716945648,
"AUT","WAGEGAP","SELFEMPLOYED","PC","A","2015",52.275894165,
"AUT","WAGEGAP","SELFEMPLOYED","PC","A","2016",52.446720123,
"AUT","WAGEGAP","SELFEMPLOYED","PC","A","2017",44.675640106,
"AUT","WAGEGAP","SELFEMPLOYED","PC","A","2018",40.955638885,
"AUT","WAGEGAP","SELFEMPLOYED","PC","A","2019",33.429973602,
"AUT","WAGEGAP","SELFEMPLOYED","PC","A","2020",34.543251038,
"AUT","WAGEGAP","EMPLOYEE","PC","A","2000",23.14,
"AUT","WAGEGAP","EMPLOYEE","PC","A","2001",22.8,
"AUT","WAGEGAP","EMPLOYEE","PC","A","2002",24.49,
"AUT","WAGEGAP","EMPLOYEE","PC","A","2003",21.14,
"AUT","WAGEGAP","EMPLOYEE","PC","A","2004",22.43,
"AUT","WAGEGAP","EMPLOYEE","PC","A","2005",22.03,
"AUT","WAGEGAP","EMPLOYEE","PC","A","2006",21.86,
"AUT","WAGEGAP","EMPLOYEE","PC","A","2007",21.63,
"AUT","WAGEGAP","EMPLOYEE","PC","A","2008",20.92,
"AUT","WAGEGAP","EMPLOYEE","PC","A","2009",19.36,
"AUT","WAGEGAP","EMPLOYEE","PC","A","2010",19.19,
"AUT","WAGEGAP","EMPLOYEE","PC","A","2011",18.55,
"AUT","WAGEGAP","EMPLOYEE","PC","A","2012",18.19,
"AUT","WAGEGAP","EMPLOYEE","PC","A","2013",18.05,
"AUT","WAGEGAP","EMPLOYEE","PC","A","2014",17.73,
"AUT","WAGEGAP","EMPLOYEE","PC","A","2015",17.04,
"AUT","WAGEGAP","EMPLOYEE","PC","A","2016",15.67,
"AUT","WAGEGAP","EMPLOYEE","PC","A","2017",15.38,
"AUT","WAGEGAP","EMPLOYEE","PC","A","2018",14.88,
"AUT","WAGEGAP","EMPLOYEE","PC","A","2019",14.01,
"AUT","WAGEGAP","EMPLOYEE","PC","A","2020",12.38,
"AUT","WAGEGAP","EMPLOYEE","PC","A","2021",12.16,
"BEL","WAGEGAP","SELFEMPLOYED","PC","A","2003",42.56760025,
"BEL","WAGEGAP","SELFEMPLOYED","PC","A","2004",44.539764404,
"BEL","WAGEGAP","SELFEMPLOYED","PC","A","2005",46.873012543,
"BEL","WAGEGAP","SELFEMPLOYED","PC","A","2006",45.036987305,
"BEL","WAGEGAP","SELFEMPLOYED","PC","A","2007",41.820960999,
"BEL","WAGEGAP","SELFEMPLOYED","PC","A","2008",35.682811737,
"BEL","WAGEGAP","SELFEMPLOYED","PC","A","2009",32.342735291,
"BEL","WAGEGAP","SELFEMPLOYED","PC","A","2010",30.243335724,
"BEL","WAGEGAP","SELFEMPLOYED","PC","A","2011",32.939476013,
"BEL","WAGEGAP","SELFEMPLOYED","PC","A","2012",34.088447571,
"BEL","WAGEGAP","SELFEMPLOYED","PC","A","2013",32.978439331,
"BEL","WAGEGAP","SELFEMPLOYED","PC","A","2014",31.244876862,
"BEL","WAGEGAP","SELFEMPLOYED","PC","A","2015",28.720335007,
"BEL","WAGEGAP","SELFEMPLOYED","PC","A","2016",28.63306427,
"BEL","WAGEGAP","SELFEMPLOYED","PC","A","2017",27.933237076,
"BEL","WAGEGAP","SELFEMPLOYED","PC","A","2018",27.394569397,
"BEL","WAGEGAP","SELFEMPLOYED","PC","A","2019",21.216751099,
"BEL","WAGEGAP","SELFEMPLOYED","PC","A","2020",18.836372375,
"BEL","WAGEGAP","EMPLOYEE","PC","A","1999",15.18,
"BEL","WAGEGAP","EMPLOYEE","PC","A","2000",13.6,
"BEL","WAGEGAP","EMPLOYEE","PC","A","2001",13.19,
"BEL","WAGEGAP","EMPLOYEE","PC","A","2002",11.6,
"BEL","WAGEGAP","EMPLOYEE","PC","A","2003",15.21,
"BEL","WAGEGAP","EMPLOYEE","PC","A","2004",11.83,
"BEL","WAGEGAP","EMPLOYEE","PC","A","2005",11.51,
"BEL","WAGEGAP","EMPLOYEE","PC","A","2006",10.25,
"BEL","WAGEGAP","EMPLOYEE","PC","A","2007",9.87,
"BEL","WAGEGAP","EMPLOYEE","PC","A","2008",8.92,
"BEL","WAGEGAP","EMPLOYEE","PC","A","2009",7.48,
"BEL","WAGEGAP","EMPLOYEE","PC","A","2010",7.04,
"BEL","WAGEGAP","EMPLOYEE","PC","A","2011",5.84,
"BEL","WAGEGAP","EMPLOYEE","PC","A","2012",6.41,
"BEL","WAGEGAP","EMPLOYEE","PC","A","2013",5.91,
"BEL","WAGEGAP","EMPLOYEE","PC","A","2014",3.3,
"BEL","WAGEGAP","EMPLOYEE","PC","A","2015",4.67,
"BEL","WAGEGAP","EMPLOYEE","PC","A","2016",3.7,
"BEL","WAGEGAP","EMPLOYEE","PC","A","2017",4.19,
"BEL","WAGEGAP","EMPLOYEE","PC","A","2018",3.41,
"BEL","WAGEGAP","EMPLOYEE","PC","A","2019",3.8,
"BEL","WAGEGAP","EMPLOYEE","PC","A","2020",1.17,
"CAN","WAGEGAP","SELFEMPLOYED","PC","A","2006",42.694499969,
"CAN","WAGEGAP","SELFEMPLOYED","PC","A","2007",43.911998749,
"CAN","WAGEGAP","SELFEMPLOYED","PC","A","2008",44.255001068,
"CAN","WAGEGAP","SELFEMPLOYED","PC","A","2009",43.769664764,
"CAN","WAGEGAP","SELFEMPLOYED","PC","A","2010",45.027332306,
"CAN","WAGEGAP","SELFEMPLOYED","PC","A","2011",43.95533371,
"CAN","WAGEGAP","SELFEMPLOYED","PC","A","2012",44.086334229,
"CAN","WAGEGAP","SELFEMPLOYED","PC","A","2013",40.931999207,
"CAN","WAGEGAP","SELFEMPLOYED","PC","A","2014",39.04933548,
"CAN","WAGEGAP","SELFEMPLOYED","PC","A","2015",36.813999176,
"CAN","WAGEGAP","SELFEMPLOYED","PC","A","2016",33.539333344,
"CAN","WAGEGAP","SELFEMPLOYED","PC","A","2017",33.541023254,
"CAN","WAGEGAP","SELFEMPLOYED","PC","A","2018",31.75894928,
"CAN","WAGEGAP","SELFEMPLOYED","PC","A","2019",29.912654877,
"CAN","WAGEGAP","SELFEMPLOYED","PC","A","2020",28.245943069,
"CAN","WAGEGAP","EMPLOYEE","PC","A","1997",24.71,
"CAN","WAGEGAP","EMPLOYEE","PC","A","1998",24.86,
"CAN","WAGEGAP","EMPLOYEE","PC","A","1999",24,
"CAN","WAGEGAP","EMPLOYEE","PC","A","2000",23.88,
"CAN","WAGEGAP","EMPLOYEE","PC","A","2001",24.32,
"CAN","WAGEGAP","EMPLOYEE","PC","A","2002",24.01,
"CAN","WAGEGAP","EMPLOYEE","PC","A","2003",22.5,
"CAN","WAGEGAP","EMPLOYEE","PC","A","2004",22.72,
"CAN","WAGEGAP","EMPLOYEE","PC","A","2005",21.25,
"CAN","WAGEGAP","EMPLOYEE","PC","A","2006",21.48,
"CAN","WAGEGAP","EMPLOYEE","PC","A","2007",21.72,
"CAN","WAGEGAP","EMPLOYEE","PC","A","2008",20.68,
"CAN","WAGEGAP","EMPLOYEE","PC","A","2009",20,
"CAN","WAGEGAP","EMPLOYEE","PC","A","2010",20.17,
"CAN","WAGEGAP","EMPLOYEE","PC","A","2011",19.88,
"CAN","WAGEGAP","EMPLOYEE","PC","A","2012",20.16,
"CAN","WAGEGAP","EMPLOYEE","PC","A","2013",20,
"CAN","WAGEGAP","EMPLOYEE","PC","A","2014",17.58,
"CAN","WAGEGAP","EMPLOYEE","PC","A","2015",18.65,
"CAN","WAGEGAP","EMPLOYEE","PC","A","2016",18.19,
"CAN","WAGEGAP","EMPLOYEE","PC","A","2017",18.76,
"CAN","WAGEGAP","EMPLOYEE","PC","A","2018",18.44,
"CAN","WAGEGAP","EMPLOYEE","PC","A","2019",18.65,
"CAN","WAGEGAP","EMPLOYEE","PC","A","2020",17.57,
"CAN","WAGEGAP","EMPLOYEE","PC","A","2021",16.67,
"CAN","WAGEGAP","EMPLOYEE","PC","A","2022",17.14,
"CZE","WAGEGAP","SELFEMPLOYED","PC","A","2004",32.046413422,
"CZE","WAGEGAP","SELFEMPLOYED","PC","A","2005",30.815345764,
"CZE","WAGEGAP","SELFEMPLOYED","PC","A","2006",28.949419022,
"CZE","WAGEGAP","SELFEMPLOYED","PC","A","2007",29.3561306,
"CZE","WAGEGAP","SELFEMPLOYED","PC","A","2008",29.208007813,
"CZE","WAGEGAP","SELFEMPLOYED","PC","A","2009",29.654512405,
"CZE","WAGEGAP","SELFEMPLOYED","PC","A","2010",29.797958374,
"CZE","WAGEGAP","SELFEMPLOYED","PC","A","2011",31.073228836,
"CZE","WAGEGAP","SELFEMPLOYED","PC","A","2012",31.23534584,
"CZE","WAGEGAP","SELFEMPLOYED","PC","A","2013",29.838407516,
"CZE","WAGEGAP","SELFEMPLOYED","PC","A","2014",29.452219009,
"CZE","WAGEGAP","SELFEMPLOYED","PC","A","2015",29.879547119,
"CZE","WAGEGAP","SELFEMPLOYED","PC","A","2016",31.317714691,
"CZE","WAGEGAP","SELFEMPLOYED","PC","A","2017",32.03011322,
"CZE","WAGEGAP","SELFEMPLOYED","PC","A","2018",32.318340302,
"CZE","WAGEGAP","SELFEMPLOYED","PC","A","2019",29.50245285,
"CZE","WAGEGAP","SELFEMPLOYED","PC","A","2020",27.953117371,
"CZE","WAGEGAP","EMPLOYEE","PC","A","1996",18.289856235,
"CZE","WAGEGAP","EMPLOYEE","PC","A","1997",18.43,
"CZE","WAGEGAP","EMPLOYEE","PC","A","1999",19.03,
"CZE","WAGEGAP","EMPLOYEE","PC","A","2001",16.88,
"CZE","WAGEGAP","EMPLOYEE","PC","A","2002",15.95,
"CZE","WAGEGAP","EMPLOYEE","PC","A","2003",15.64,
"CZE","WAGEGAP","EMPLOYEE","PC","A","2004",16.15,
"CZE","WAGEGAP","EMPLOYEE","PC","A","2005",15.94,
"CZE","WAGEGAP","EMPLOYEE","PC","A","2006",15.35,
"CZE","WAGEGAP","EMPLOYEE","PC","A","2007",16.93,
"CZE","WAGEGAP","EMPLOYEE","PC","A","2008",17.87,
"CZE","WAGEGAP","EMPLOYEE","PC","A","2009",15.11,
"CZE","WAGEGAP","EMPLOYEE","PC","A","2010",15.8,
"CZE","WAGEGAP","EMPLOYEE","PC","A","2011",16.33,
"CZE","WAGEGAP","EMPLOYEE","PC","A","2012",15.26,
"CZE","WAGEGAP","EMPLOYEE","PC","A","2013",15.38,
"CZE","WAGEGAP","EMPLOYEE","PC","A","2014",16.25,
"CZE","WAGEGAP","EMPLOYEE","PC","A","2015",16.46,
"CZE","WAGEGAP","EMPLOYEE","PC","A","2016",16.02,
"CZE","WAGEGAP","EMPLOYEE","PC","A","2017",15.61,
"CZE","WAGEGAP","EMPLOYEE","PC","A","2018",15.13,
"CZE","WAGEGAP","EMPLOYEE","PC","A","2019",14.71,
"CZE","WAGEGAP","EMPLOYEE","PC","A","2020",12.37,
"CZE","WAGEGAP","EMPLOYEE","PC","A","2021",11.52,
"CZE","WAGEGAP","EMPLOYEE","PC","A","2022",13.58,
"DNK","WAGEGAP","SELFEMPLOYED","PC","A","2003",9.2171945572,
"DNK","WAGEGAP","SELFEMPLOYED","PC","A","2004",6.2139482498,
"DNK","WAGEGAP","SELFEMPLOYED","PC","A","2005",12.367588997,
"DNK","WAGEGAP","SELFEMPLOYED","PC","A","2006",12.008332253,
"DNK","WAGEGAP","SELFEMPLOYED","PC","A","2007",17.159145355,
"DNK","WAGEGAP","SELFEMPLOYED","PC","A","2008",11.085051537,
"DNK","WAGEGAP","SELFEMPLOYED","PC","A","2009",15.07169342,
"DNK","WAGEGAP","SELFEMPLOYED","PC","A","2010",15.319856644,
"DNK","WAGEGAP","SELFEMPLOYED","PC","A","2011",19.164758682,
"DNK","WAGEGAP","SELFEMPLOYED","PC","A","2012",21.040700912,
"DNK","WAGEGAP","SELFEMPLOYED","PC","A","2013",-8.811937332,
"DNK","WAGEGAP","SELFEMPLOYED","PC","A","2014",5.9567775726,
"DNK","WAGEGAP","SELFEMPLOYED","PC","A","2015",0.52541852,
"DNK","WAGEGAP","SELFEMPLOYED","PC","A","2016",8.3018627167,
"DNK","WAGEGAP","SELFEMPLOYED","PC","A","2017",2.9588682652,
"DNK","WAGEGAP","SELFEMPLOYED","PC","A","2018",8.7965869904,
"DNK","WAGEGAP","SELFEMPLOYED","PC","A","2019",-2.174784422,
"DNK","WAGEGAP","SELFEMPLOYED","PC","A","2020",-1.681695938,
"DNK","WAGEGAP","EMPLOYEE","PC","A","2002",10.8,
"DNK","WAGEGAP","EMPLOYEE","PC","A","2003",9.92,
"DNK","WAGEGAP","EMPLOYEE","PC","A","2004",10.18,
"DNK","WAGEGAP","EMPLOYEE","PC","A","2005",10.17,
"DNK","WAGEGAP","EMPLOYEE","PC","A","2006",10.17,
"DNK","WAGEGAP","EMPLOYEE","PC","A","2007",9.85,
"DNK","WAGEGAP","EMPLOYEE","PC","A","2008",10.18,
"DNK","WAGEGAP","EMPLOYEE","PC","A","2009",10.17,
"DNK","WAGEGAP","EMPLOYEE","PC","A","2010",8.9,
"DNK","WAGEGAP","EMPLOYEE","PC","A","2011",7.95,
"DNK","WAGEGAP","EMPLOYEE","PC","A","2012",7,
"DNK","WAGEGAP","EMPLOYEE","PC","A","2013",6.77,
"DNK","WAGEGAP","EMPLOYEE","PC","A","2014",6.32,
"DNK","WAGEGAP","EMPLOYEE","PC","A","2015",5.84,
"DNK","WAGEGAP","EMPLOYEE","PC","A","2016",5.73,
"DNK","WAGEGAP","EMPLOYEE","PC","A","2017",5.3,
"DNK","WAGEGAP","EMPLOYEE","PC","A","2018",4.86,
"DNK","WAGEGAP","EMPLOYEE","PC","A","2019",5.06,
"DNK","WAGEGAP","EMPLOYEE","PC","A","2020",4.99,
"DNK","WAGEGAP","EMPLOYEE","PC","A","2021",5.58,
"FIN","WAGEGAP","SELFEMPLOYED","PC","A","2003",32.750133514,
"FIN","WAGEGAP","SELFEMPLOYED","PC","A","2004",35.396728516,
"FIN","WAGEGAP","SELFEMPLOYED","PC","A","2005",41.991329193,
"FIN","WAGEGAP","SELFEMPLOYED","PC","A","2006",39.519939423,
"FIN","WAGEGAP","SELFEMPLOYED","PC","A","2007",39.910362244,
"FIN","WAGEGAP","SELFEMPLOYED","PC","A","2008",36.902198792,
"FIN","WAGEGAP","SELFEMPLOYED","PC","A","2009",35.940090179,
"FIN","WAGEGAP","SELFEMPLOYED","PC","A","2010",33.25018692,
"FIN","WAGEGAP","SELFEMPLOYED","PC","A","2011",34.803096771,
"FIN","WAGEGAP","SELFEMPLOYED","PC","A","2012",34.581478119,
"FIN","WAGEGAP","SELFEMPLOYED","PC","A","2013",30.315122604,
"FIN","WAGEGAP","SELFEMPLOYED","PC","A","2014",25.819936752,
"FIN","WAGEGAP","SELFEMPLOYED","PC","A","2015",23.622652054,
"FIN","WAGEGAP","SELFEMPLOYED","PC","A","2016",25.350812912,
"FIN","WAGEGAP","SELFEMPLOYED","PC","A","2017",25.29186821,
"FIN","WAGEGAP","SELFEMPLOYED","PC","A","2018",20.918043137,
"FIN","WAGEGAP","SELFEMPLOYED","PC","A","2019",9.7632427216,
"FIN","WAGEGAP","SELFEMPLOYED","PC","A","2020",3.984675169,
"FIN","WAGEGAP","EMPLOYEE","PC","A","1977",27.69,
"FIN","WAGEGAP","EMPLOYEE","PC","A","1978",27.09,
"FIN","WAGEGAP","EMPLOYEE","PC","A","1979",27.17,
"FIN","WAGEGAP","EMPLOYEE","PC","A","1980",26.62,
"FIN","WAGEGAP","EMPLOYEE","PC","A","1982",25.96,
"FIN","WAGEGAP","EMPLOYEE","PC","A","1983",25.63,
"FIN","WAGEGAP","EMPLOYEE","PC","A","1984",23.43,
"FIN","WAGEGAP","EMPLOYEE","PC","A","1986",22.53,
"FIN","WAGEGAP","EMPLOYEE","PC","A","1987",23.61,
"FIN","WAGEGAP","EMPLOYEE","PC","A","1988",23.05,
"FIN","WAGEGAP","EMPLOYEE","PC","A","1989",23.56,
"FIN","WAGEGAP","EMPLOYEE","PC","A","1990",22.86,
"FIN","WAGEGAP","EMPLOYEE","PC","A","1991",21.47,
"FIN","WAGEGAP","EMPLOYEE","PC","A","1992",20.28,
"FIN","WAGEGAP","EMPLOYEE","PC","A","1993",21.98,
"FIN","WAGEGAP","EMPLOYEE","PC","A","1994",23.15,
"FIN","WAGEGAP","EMPLOYEE","PC","A","1995",22.4,
"FIN","WAGEGAP","EMPLOYEE","PC","A","1996",20.58,
"FIN","WAGEGAP","EMPLOYEE","PC","A","1997",21.33,
"FIN","WAGEGAP","EMPLOYEE","PC","A","1998",20.8,
"FIN","WAGEGAP","EMPLOYEE","PC","A","1999",21.72,
"FIN","WAGEGAP","EMPLOYEE","PC","A","2000",20.43,
"FIN","WAGEGAP","EMPLOYEE","PC","A","2001",21.24,
"FIN","WAGEGAP","EMPLOYEE","PC","A","2002",20.37,
"FIN","WAGEGAP","EMPLOYEE","PC","A","2003",20.1,
"FIN","WAGEGAP","EMPLOYEE","PC","A","2004",20.02,
"FIN","WAGEGAP","EMPLOYEE","PC","A","2005",18.94,
"FIN","WAGEGAP","EMPLOYEE","PC","A","2006",19.37,
"FIN","WAGEGAP","EMPLOYEE","PC","A","2007",21.38,
"FIN","WAGEGAP","EMPLOYEE","PC","A","2008",21.23,
"FIN","WAGEGAP","EMPLOYEE","PC","A","2009",19.68,
"FIN","WAGEGAP","EMPLOYEE","PC","A","2010",18.88,
"FIN","WAGEGAP","EMPLOYEE","PC","A","2011",18.61,
"FIN","WAGEGAP","EMPLOYEE","PC","A","2012",18.73,
"FIN","WAGEGAP","EMPLOYEE","PC","A","2013",20.18,
"FIN","WAGEGAP","EMPLOYEE","PC","A","2014",19.61,
"FIN","WAGEGAP","EMPLOYEE","PC","A","2015",18.06,
"FIN","WAGEGAP","EMPLOYEE","PC","A","2016",16.47,
"FIN","WAGEGAP","EMPLOYEE","PC","A","2017",17.72,
"FIN","WAGEGAP","EMPLOYEE","PC","A","2018",18.86,
"FIN","WAGEGAP","EMPLOYEE","PC","A","2019",17.159829635,
"FIN","WAGEGAP","EMPLOYEE","PC","A","2020",15.98,
"FIN","WAGEGAP","EMPLOYEE","PC","A","2021",15.34,
"FRA","WAGEGAP","SELFEMPLOYED","PC","A","2003",37.429203033,
"FRA","WAGEGAP","SELFEMPLOYED","PC","A","2004",33.925640106,
"FRA","WAGEGAP","SELFEMPLOYED","PC","A","2005",31.850799561,
"FRA","WAGEGAP","SELFEMPLOYED","PC","A","2006",32.934783936,
"FRA","WAGEGAP","SELFEMPLOYED","PC","A","2007",36.227027893,
"FRA","WAGEGAP","SELFEMPLOYED","PC","A","2008",35.962684631,
"FRA","WAGEGAP","SELFEMPLOYED","PC","A","2009",31.632947922,
"FRA","WAGEGAP","SELFEMPLOYED","PC","A","2010",29.949708939,
"FRA","WAGEGAP","SELFEMPLOYED","PC","A","2011",30.463502884,
"FRA","WAGEGAP","SELFEMPLOYED","PC","A","2012",30.187520981,
"FRA","WAGEGAP","SELFEMPLOYED","PC","A","2013",24.597135544,
"FRA","WAGEGAP","SELFEMPLOYED","PC","A","2014",23.698459625,
"FRA","WAGEGAP","SELFEMPLOYED","PC","A","2015",20.220615387,
"FRA","WAGEGAP","SELFEMPLOYED","PC","A","2016",17.939050674,
"FRA","WAGEGAP","SELFEMPLOYED","PC","A","2017",11.413352013,
"FRA","WAGEGAP","SELFEMPLOYED","PC","A","2018",3.0417764187,
"FRA","WAGEGAP","SELFEMPLOYED","PC","A","2019",-3.199722767,
"FRA","WAGEGAP","SELFEMPLOYED","PC","A","2020",-9.797081947,
"FRA","WAGEGAP","EMPLOYEE","PC","A","2002",13.3,
"FRA","WAGEGAP","EMPLOYEE","PC","A","2006",9.39,
"FRA","WAGEGAP","EMPLOYEE","PC","A","2010",9.12,
"FRA","WAGEGAP","EMPLOYEE","PC","A","2014",9.87,
"FRA","WAGEGAP","EMPLOYEE","PC","A","2018",11.82,
"FRA","WAGEGAP","EMPLOYEE","PC","A","2019",12.08,
"FRA","WAGEGAP","EMPLOYEE","PC","A","2020",11.77,
"FRA","WAGEGAP","EMPLOYEE","PC","A","2021",11.56,
"DEU","WAGEGAP","EMPLOYEE","PC","A","1992",27.1,
"DEU","WAGEGAP","EMPLOYEE","PC","A","1993",22.94,
"DEU","WAGEGAP","EMPLOYEE","PC","A","1994",21.07,
"DEU","WAGEGAP","EMPLOYEE","PC","A","1995",19.54,
"DEU","WAGEGAP","EMPLOYEE","PC","A","1996",20.74,
"DEU","WAGEGAP","EMPLOYEE","PC","A","1997",21.58,
"DEU","WAGEGAP","EMPLOYEE","PC","A","1998",20.61,
"DEU","WAGEGAP","EMPLOYEE","PC","A","1999",20.59,
"DEU","WAGEGAP","EMPLOYEE","PC","A","2000",19.54,
"DEU","WAGEGAP","EMPLOYEE","PC","A","2001",19.1,
"DEU","WAGEGAP","EMPLOYEE","PC","A","2002",18.63,
"DEU","WAGEGAP","EMPLOYEE","PC","A","2003",19.82,
"DEU","WAGEGAP","EMPLOYEE","PC","A","2004",21.24,
"DEU","WAGEGAP","EMPLOYEE","PC","A","2005",16.81,
"DEU","WAGEGAP","EMPLOYEE","PC","A","2006",18.54,
"DEU","WAGEGAP","EMPLOYEE","PC","A","2007",16.96,
"DEU","WAGEGAP","EMPLOYEE","PC","A","2008",16.96,
"DEU","WAGEGAP","EMPLOYEE","PC","A","2009",16.96,
"DEU","WAGEGAP","EMPLOYEE","PC","A","2010",16.69,
"DEU","WAGEGAP","EMPLOYEE","PC","A","2011",16.94,
"DEU","WAGEGAP","EMPLOYEE","PC","A","2012",16.3,
"DEU","WAGEGAP","EMPLOYEE","PC","A","2013",14.32,
"DEU","WAGEGAP","EMPLOYEE","PC","A","2014",17.19,
"DEU","WAGEGAP","EMPLOYEE","PC","A","2015",16.14,
"DEU","WAGEGAP","EMPLOYEE","PC","A","2016",15.83,
"DEU","WAGEGAP","EMPLOYEE","PC","A","2017",14.43,
"DEU","WAGEGAP","EMPLOYEE","PC","A","2018",15.44,
"DEU","WAGEGAP","EMPLOYEE","PC","A","2019",13.99,
"DEU","WAGEGAP","EMPLOYEE","PC","A","2020",14.2,
"DEU","WAGEGAP","EMPLOYEE","PC","A","2021",13.66,
"GRC","WAGEGAP","SELFEMPLOYED","PC","A","2006",41.975521088,
"GRC","WAGEGAP","SELFEMPLOYED","PC","A","2007",39.18744278,
"GRC","WAGEGAP","SELFEMPLOYED","PC","A","2008",38.112781525,
"GRC","WAGEGAP","SELFEMPLOYED","PC","A","2009",42.146839142,
"GRC","WAGEGAP","SELFEMPLOYED","PC","A","2010",44.008476257,
"GRC","WAGEGAP","SELFEMPLOYED","PC","A","2011",46.311401367,
"GRC","WAGEGAP","SELFEMPLOYED","PC","A","2012",39.449081421,
"GRC","WAGEGAP","SELFEMPLOYED","PC","A","2013",36.087718964,
"GRC","WAGEGAP","SELFEMPLOYED","PC","A","2014",34.000930786,
"GRC","WAGEGAP","SELFEMPLOYED","PC","A","2015",33.744636536,
"GRC","WAGEGAP","SELFEMPLOYED","PC","A","2016",33.975883484,
"GRC","WAGEGAP","SELFEMPLOYED","PC","A","2017",35.668903351,
"GRC","WAGEGAP","SELFEMPLOYED","PC","A","2018",37.628200531,
"GRC","WAGEGAP","SELFEMPLOYED","PC","A","2019",28.553321838,
"GRC","WAGEGAP","SELFEMPLOYED","PC","A","2020",25.202064514,
"GRC","WAGEGAP","EMPLOYEE","PC","A","2002",23.57,
"GRC","WAGEGAP","EMPLOYEE","PC","A","2006",17.73,
"GRC","WAGEGAP","EMPLOYEE","PC","A","2010",9.9099099099,
"GRC","WAGEGAP","EMPLOYEE","PC","A","2014",7.17,
"GRC","WAGEGAP","EMPLOYEE","PC","A","2018",5.91,
"GRC","WAGEGAP","EMPLOYEE","PC","A","2019",5.91,
"GRC","WAGEGAP","EMPLOYEE","PC","A","2020",7.95,
"GRC","WAGEGAP","EMPLOYEE","PC","A","2021",6.93,
"HUN","WAGEGAP","SELFEMPLOYED","PC","A","2004",29.286546707,
"HUN","WAGEGAP","SELFEMPLOYED","PC","A","2005",26.686216354,
"HUN","WAGEGAP","SELFEMPLOYED","PC","A","2006",26.587032318,
"HUN","WAGEGAP","SELFEMPLOYED","PC","A","2007",23.905370712,
"HUN","WAGEGAP","SELFEMPLOYED","PC","A","2008",27.657945633,
"HUN","WAGEGAP","SELFEMPLOYED","PC","A","2009",31.658668518,
"HUN","WAGEGAP","SELFEMPLOYED","PC","A","2010",32.909660339,
"HUN","WAGEGAP","SELFEMPLOYED","PC","A","2011",31.195148468,
"HUN","WAGEGAP","SELFEMPLOYED","PC","A","2012",24.957807541,
"HUN","WAGEGAP","SELFEMPLOYED","PC","A","2013",21.692033768,
"HUN","WAGEGAP","SELFEMPLOYED","PC","A","2014",18.838945389,
"HUN","WAGEGAP","SELFEMPLOYED","PC","A","2015",18.904661179,
"HUN","WAGEGAP","SELFEMPLOYED","PC","A","2016",11.194040298,
"HUN","WAGEGAP","SELFEMPLOYED","PC","A","2017",9.6026563644,
"HUN","WAGEGAP","SELFEMPLOYED","PC","A","2018",10.709539413,
"HUN","WAGEGAP","SELFEMPLOYED","PC","A","2019",14.054944038,
"HUN","WAGEGAP","SELFEMPLOYED","PC","A","2020",13.334152222,
"HUN","WAGEGAP","EMPLOYEE","PC","A","1989",25.979979418,
"HUN","WAGEGAP","EMPLOYEE","PC","A","1992",17.39,
"HUN","WAGEGAP","EMPLOYEE","PC","A","1993",7.95,
"HUN","WAGEGAP","EMPLOYEE","PC","A","1994",15.18,
"HUN","WAGEGAP","EMPLOYEE","PC","A","1995",15.75,
"HUN","WAGEGAP","EMPLOYEE","PC","A","1996",17.78,
"HUN","WAGEGAP","EMPLOYEE","PC","A","1998",15.67,
"HUN","WAGEGAP","EMPLOYEE","PC","A","1999",15.3,
"HUN","WAGEGAP","EMPLOYEE","PC","A","2000",14.1,
"HUN","WAGEGAP","EMPLOYEE","PC","A","2001",13.69,
"HUN","WAGEGAP","EMPLOYEE","PC","A","2002",9.13,
"HUN","WAGEGAP","EMPLOYEE","PC","A","2003",1.48,
"HUN","WAGEGAP","EMPLOYEE","PC","A","2004",3.03,
"HUN","WAGEGAP","EMPLOYEE","PC","A","2005",4.02,
"HUN","WAGEGAP","EMPLOYEE","PC","A","2006",0.38,
"HUN","WAGEGAP","EMPLOYEE","PC","A","2007",3.65,
"HUN","WAGEGAP","EMPLOYEE","PC","A","2008",2.22,
"HUN","WAGEGAP","EMPLOYEE","PC","A","2009",3.88,
"HUN","WAGEGAP","EMPLOYEE","PC","A","2010",6.38,
"HUN","WAGEGAP","EMPLOYEE","PC","A","2011",6.86,
"HUN","WAGEGAP","EMPLOYEE","PC","A","2012",11.33,
"HUN","WAGEGAP","EMPLOYEE","PC","A","2013",8.72,
"HUN","WAGEGAP","EMPLOYEE","PC","A","2014",3.77,
"HUN","WAGEGAP","EMPLOYEE","PC","A","2015",9.52,
"HUN","WAGEGAP","EMPLOYEE","PC","A","2016",9.36,
"HUN","WAGEGAP","EMPLOYEE","PC","A","2017",5.32,
"HUN","WAGEGAP","EMPLOYEE","PC","A","2018",5.06,
"HUN","WAGEGAP","EMPLOYEE","PC","A","2019",12.75,
"HUN","WAGEGAP","EMPLOYEE","PC","A","2020",12.350016442,
"HUN","WAGEGAP","EMPLOYEE","PC","A","2021",13.08,
"ISL","WAGEGAP","SELFEMPLOYED","PC","A","2003",44.341545105,
"ISL","WAGEGAP","SELFEMPLOYED","PC","A","2004",40.796829224,
"ISL","WAGEGAP","SELFEMPLOYED","PC","A","2005",34.343261719,
"ISL","WAGEGAP","SELFEMPLOYED","PC","A","2006",28.281749725,
"ISL","WAGEGAP","SELFEMPLOYED","PC","A","2007",24.90111351,
"ISL","WAGEGAP","SELFEMPLOYED","PC","A","2008",20.500671387,
"ISL","WAGEGAP","SELFEMPLOYED","PC","A","2009",15.902356148,
"ISL","WAGEGAP","SELFEMPLOYED","PC","A","2010",11.351818085,
"ISL","WAGEGAP","SELFEMPLOYED","PC","A","2011",17.470737457,
"ISL","WAGEGAP","SELFEMPLOYED","PC","A","2012",24.54683876,
"ISL","WAGEGAP","SELFEMPLOYED","PC","A","2013",25.993291855,
"ISL","WAGEGAP","SELFEMPLOYED","PC","A","2014",16.889810562,
"ISL","WAGEGAP","SELFEMPLOYED","PC","A","2015",11.491612434,
"ISL","WAGEGAP","SELFEMPLOYED","PC","A","2016",15.071327209,
"ISL","WAGEGAP","SELFEMPLOYED","PC","A","2017",21.649953842,
"ISL","WAGEGAP","EMPLOYEE","PC","A","2002",28.72,
"ISL","WAGEGAP","EMPLOYEE","PC","A","2006",23.27,
"ISL","WAGEGAP","EMPLOYEE","PC","A","2010",16.46,
"ISL","WAGEGAP","EMPLOYEE","PC","A","2014",13.84,
"ISL","WAGEGAP","EMPLOYEE","PC","A","2018",12.9,
"ISL","WAGEGAP","EMPLOYEE","PC","A","2019",13.28,
"ISL","WAGEGAP","EMPLOYEE","PC","A","2020",11.41,
"ISL","WAGEGAP","EMPLOYEE","PC","A","2021",9.72,
"IRL","WAGEGAP","SELFEMPLOYED","PC","A","2003",25.482103348,
"IRL","WAGEGAP","SELFEMPLOYED","PC","A","2004",28.411808014,
"IRL","WAGEGAP","SELFEMPLOYED","PC","A","2005",28.568733215,
"IRL","WAGEGAP","SELFEMPLOYED","PC","A","2006",33.646671295,
"IRL","WAGEGAP","SELFEMPLOYED","PC","A","2007",29.999492645,
"IRL","WAGEGAP","SELFEMPLOYED","PC","A","2008",26.541099548,
"IRL","WAGEGAP","SELFEMPLOYED","PC","A","2009",19.366401672,
"IRL","WAGEGAP","SELFEMPLOYED","PC","A","2010",21.431070328,
"IRL","WAGEGAP","SELFEMPLOYED","PC","A","2011",23.74650383,
"IRL","WAGEGAP","SELFEMPLOYED","PC","A","2012",28.876281738,
"IRL","WAGEGAP","SELFEMPLOYED","PC","A","2013",31.341690063,
"IRL","WAGEGAP","SELFEMPLOYED","PC","A","2014",33.578033447,
"IRL","WAGEGAP","SELFEMPLOYED","PC","A","2015",36.063980103,
"IRL","WAGEGAP","SELFEMPLOYED","PC","A","2016",33.994884491,
"IRL","WAGEGAP","SELFEMPLOYED","PC","A","2017",30.231924057,
"IRL","WAGEGAP","SELFEMPLOYED","PC","A","2018",27.333669662,
"IRL","WAGEGAP","SELFEMPLOYED","PC","A","2019",26.177095413,
"IRL","WAGEGAP","SELFEMPLOYED","PC","A","2020",29.945623398,
"IRL","WAGEGAP","EMPLOYEE","PC","A","2002",17.77,
"IRL","WAGEGAP","EMPLOYEE","PC","A","2006",19.6,
"IRL","WAGEGAP","EMPLOYEE","PC","A","2010",14.35,
"IRL","WAGEGAP","EMPLOYEE","PC","A","2014",10.61,
"IRL","WAGEGAP","EMPLOYEE","PC","A","2018",8.28,
"IRL","WAGEGAP","EMPLOYEE","PC","A","2019",7.92,
"IRL","WAGEGAP","EMPLOYEE","PC","A","2020",7.26,
"IRL","WAGEGAP","EMPLOYEE","PC","A","2021",7.26,
"ITA","WAGEGAP","SELFEMPLOYED","PC","A","2006",48.015357971,
"ITA","WAGEGAP","SELFEMPLOYED","PC","A","2007",48.111118317,
"ITA","WAGEGAP","SELFEMPLOYED","PC","A","2008",46.708091736,
"ITA","WAGEGAP","SELFEMPLOYED","PC","A","2009",49.704479218,
"ITA","WAGEGAP","SELFEMPLOYED","PC","A","2010",52.856128693,
"ITA","WAGEGAP","SELFEMPLOYED","PC","A","2011",55.667312622,
"ITA","WAGEGAP","SELFEMPLOYED","PC","A","2012",55.847187042,
"ITA","WAGEGAP","SELFEMPLOYED","PC","A","2013",53.375465393,
"ITA","WAGEGAP","SELFEMPLOYED","PC","A","2014",52.622951508,
"ITA","WAGEGAP","SELFEMPLOYED","PC","A","2015",48.54083252,
"ITA","WAGEGAP","SELFEMPLOYED","PC","A","2016",46.399925232,
"ITA","WAGEGAP","SELFEMPLOYED","PC","A","2017",43.962245941,
"ITA","WAGEGAP","SELFEMPLOYED","PC","A","2018",44.926818848,
"ITA","WAGEGAP","SELFEMPLOYED","PC","A","2019",36.09053421,
"ITA","WAGEGAP","SELFEMPLOYED","PC","A","2020",33.475154877,
"ITA","WAGEGAP","EMPLOYEE","PC","A","2002",15.73,
"ITA","WAGEGAP","EMPLOYEE","PC","A","2006",10.51,
"ITA","WAGEGAP","EMPLOYEE","PC","A","2010",5.64,
"ITA","WAGEGAP","EMPLOYEE","PC","A","2014",6.58,
"ITA","WAGEGAP","EMPLOYEE","PC","A","2018",5.71,
"ITA","WAGEGAP","EMPLOYEE","PC","A","2019",5.55,
"ITA","WAGEGAP","EMPLOYEE","PC","A","2020",4.77,
"ITA","WAGEGAP","EMPLOYEE","PC","A","2021",5.68,
"JPN","WAGEGAP","EMPLOYEE","PC","A","1975",42.389758179,
"JPN","WAGEGAP","EMPLOYEE","PC","A","1976",39.74,
"JPN","WAGEGAP","EMPLOYEE","PC","A","1977",40.33,
"JPN","WAGEGAP","EMPLOYEE","PC","A","1978",40.57,
"JPN","WAGEGAP","EMPLOYEE","PC","A","1979",41.31,
"JPN","WAGEGAP","EMPLOYEE","PC","A","1980",41.68030551,
"JPN","WAGEGAP","EMPLOYEE","PC","A","1981",41.96,
"JPN","WAGEGAP","EMPLOYEE","PC","A","1982",42.16,
"JPN","WAGEGAP","EMPLOYEE","PC","A","1983",41.9,
"JPN","WAGEGAP","EMPLOYEE","PC","A","1984",41.93,
"JPN","WAGEGAP","EMPLOYEE","PC","A","1985",41.66,
"JPN","WAGEGAP","EMPLOYEE","PC","A","1986",41.61,
"JPN","WAGEGAP","EMPLOYEE","PC","A","1987",41.23,
"JPN","WAGEGAP","EMPLOYEE","PC","A","1988",41.02,
"JPN","WAGEGAP","EMPLOYEE","PC","A","1989",40.96,
"JPN","WAGEGAP","EMPLOYEE","PC","A","1990",40.6,
"JPN","WAGEGAP","EMPLOYEE","PC","A","1991",39.9,
"JPN","WAGEGAP","EMPLOYEE","PC","A","1992",38.88,
"JPN","WAGEGAP","EMPLOYEE","PC","A","1993",38.45,
"JPN","WAGEGAP","EMPLOYEE","PC","A","1994",37.82,
"JPN","WAGEGAP","EMPLOYEE","PC","A","1995",37.090301003,
"JPN","WAGEGAP","EMPLOYEE","PC","A","1996",36.85,
"JPN","WAGEGAP","EMPLOYEE","PC","A","1997",36.52,
"JPN","WAGEGAP","EMPLOYEE","PC","A","1998",35.31,
"JPN","WAGEGAP","EMPLOYEE","PC","A","1999",34.55,
"JPN","WAGEGAP","EMPLOYEE","PC","A","2000",33.86,
"JPN","WAGEGAP","EMPLOYEE","PC","A","2001",33.86,
"JPN","WAGEGAP","EMPLOYEE","PC","A","2002",32.529722589,
"JPN","WAGEGAP","EMPLOYEE","PC","A","2003",32,
"JPN","WAGEGAP","EMPLOYEE","PC","A","2004",31.09,
"JPN","WAGEGAP","EMPLOYEE","PC","A","2005",32.83,
"JPN","WAGEGAP","EMPLOYEE","PC","A","2006",32.98,
"JPN","WAGEGAP","EMPLOYEE","PC","A","2007",31.74,
"JPN","WAGEGAP","EMPLOYEE","PC","A","2008",30.69,
"JPN","WAGEGAP","EMPLOYEE","PC","A","2009",28.28,
"JPN","WAGEGAP","EMPLOYEE","PC","A","2010",28.68,
"JPN","WAGEGAP","EMPLOYEE","PC","A","2011",27.4,
"JPN","WAGEGAP","EMPLOYEE","PC","A","2012",26.52,
"JPN","WAGEGAP","EMPLOYEE","PC","A","2013",26.59,
"JPN","WAGEGAP","EMPLOYEE","PC","A","2014",25.87,
"JPN","WAGEGAP","EMPLOYEE","PC","A","2015",25.73,
"JPN","WAGEGAP","EMPLOYEE","PC","A","2016",24.6,
"JPN","WAGEGAP","EMPLOYEE","PC","A","2017",24.52,
"JPN","WAGEGAP","EMPLOYEE","PC","A","2018",23.54,
"JPN","WAGEGAP","EMPLOYEE","PC","A","2019",23.480013436,
"JPN","WAGEGAP","EMPLOYEE","PC","A","2020",22.52,
"JPN","WAGEGAP","EMPLOYEE","PC","A","2021",22.11,
"JPN","WAGEGAP","EMPLOYEE","PC","A","2022",21.347941567,
"KOR","WAGEGAP","EMPLOYEE","PC","A","1985",52.78,
"KOR","WAGEGAP","EMPLOYEE","PC","A","1992",46.97,
"KOR","WAGEGAP","EMPLOYEE","PC","A","1993",47.260317787,
"KOR","WAGEGAP","EMPLOYEE","PC","A","1994",45.51,
"KOR","WAGEGAP","EMPLOYEE","PC","A","1995",44.18,
"KOR","WAGEGAP","EMPLOYEE","PC","A","1996",43.28,
"KOR","WAGEGAP","EMPLOYEE","PC","A","1997",42.22,
"KOR","WAGEGAP","EMPLOYEE","PC","A","1998",42.02,
"KOR","WAGEGAP","EMPLOYEE","PC","A","1999",41.8,
"KOR","WAGEGAP","EMPLOYEE","PC","A","2000",41.65,
"KOR","WAGEGAP","EMPLOYEE","PC","A","2001",40.42,
"KOR","WAGEGAP","EMPLOYEE","PC","A","2002",41.03,
"KOR","WAGEGAP","EMPLOYEE","PC","A","2003",40.08,
"KOR","WAGEGAP","EMPLOYEE","PC","A","2004",39.62,
"KOR","WAGEGAP","EMPLOYEE","PC","A","2005",39.62,
"KOR","WAGEGAP","EMPLOYEE","PC","A","2006",39.77,
"KOR","WAGEGAP","EMPLOYEE","PC","A","2007",38.16,
"KOR","WAGEGAP","EMPLOYEE","PC","A","2008",39.04,
"KOR","WAGEGAP","EMPLOYEE","PC","A","2009",38.61,
"KOR","WAGEGAP","EMPLOYEE","PC","A","2010",39.61,
"KOR","WAGEGAP","EMPLOYEE","PC","A","2011",36.56,
"KOR","WAGEGAP","EMPLOYEE","PC","A","2012",36.3,
"KOR","WAGEGAP","EMPLOYEE","PC","A","2013",36.599634369,
"KOR","WAGEGAP","EMPLOYEE","PC","A","2014",36.65,
"KOR","WAGEGAP","EMPLOYEE","PC","A","2015",37.18,
"KOR","WAGEGAP","EMPLOYEE","PC","A","2016",36.67,
"KOR","WAGEGAP","EMPLOYEE","PC","A","2017",34.62,
"KOR","WAGEGAP","EMPLOYEE","PC","A","2018",34.11,
"KOR","WAGEGAP","EMPLOYEE","PC","A","2019",32.48,
"KOR","WAGEGAP","EMPLOYEE","PC","A","2020",31.48,
"KOR","WAGEGAP","EMPLOYEE","PC","A","2021",31.06,
"KOR","WAGEGAP","EMPLOYEE","PC","A","2022",31.24,
"LUX","WAGEGAP","SELFEMPLOYED","PC","A","2003",46.461734772,
"LUX","WAGEGAP","SELFEMPLOYED","PC","A","2004",45.352706909,
"LUX","WAGEGAP","SELFEMPLOYED","PC","A","2005",37.065757751,
"LUX","WAGEGAP","SELFEMPLOYED","PC","A","2006",42.774459839,
"LUX","WAGEGAP","SELFEMPLOYED","PC","A","2007",45.74540329,
"LUX","WAGEGAP","SELFEMPLOYED","PC","A","2008",44.475582123,
"LUX","WAGEGAP","SELFEMPLOYED","PC","A","2009",36.782512665,
"LUX","WAGEGAP","SELFEMPLOYED","PC","A","2010",25.906326294,
"LUX","WAGEGAP","SELFEMPLOYED","PC","A","2011",22.909597397,
"LUX","WAGEGAP","SELFEMPLOYED","PC","A","2012",16.378583908,
"LUX","WAGEGAP","SELFEMPLOYED","PC","A","2013",11.021029472,
"LUX","WAGEGAP","SELFEMPLOYED","PC","A","2014",4.596394062,
"LUX","WAGEGAP","SELFEMPLOYED","PC","A","2015",7.9959316254,
"LUX","WAGEGAP","SELFEMPLOYED","PC","A","2016",11.557678223,
"LUX","WAGEGAP","SELFEMPLOYED","PC","A","2017",15.522672653,
"LUX","WAGEGAP","SELFEMPLOYED","PC","A","2018",19.163221359,
"LUX","WAGEGAP","SELFEMPLOYED","PC","A","2019",20.378965378,
"LUX","WAGEGAP","SELFEMPLOYED","PC","A","2020",22.295013428,
"LUX","WAGEGAP","EMPLOYEE","PC","A","2002",15.09,
"LUX","WAGEGAP","EMPLOYEE","PC","A","2006",7.67,
"LUX","WAGEGAP","EMPLOYEE","PC","A","2010",4.59,
"LUX","WAGEGAP","EMPLOYEE","PC","A","2014",3.4,
"MEX","WAGEGAP","EMPLOYEE","PC","A","2005",16.67,
"MEX","WAGEGAP","EMPLOYEE","PC","A","2006",18.6,
"MEX","WAGEGAP","EMPLOYEE","PC","A","2007",12.5,
"MEX","WAGEGAP","EMPLOYEE","PC","A","2008",22.22,
"MEX","WAGEGAP","EMPLOYEE","PC","A","2009",16.67,
"MEX","WAGEGAP","EMPLOYEE","PC","A","2010",11.63,
"MEX","WAGEGAP","EMPLOYEE","PC","A","2011",10,
"MEX","WAGEGAP","EMPLOYEE","PC","A","2012",13.56,
"MEX","WAGEGAP","EMPLOYEE","PC","A","2013",15.43,
"MEX","WAGEGAP","EMPLOYEE","PC","A","2014",18.3,
"MEX","WAGEGAP","EMPLOYEE","PC","A","2015",16.67,
"MEX","WAGEGAP","EMPLOYEE","PC","A","2016",16.49,
"MEX","WAGEGAP","EMPLOYEE","PC","A","2017",11.11,
"MEX","WAGEGAP","EMPLOYEE","PC","A","2018",14,
"MEX","WAGEGAP","EMPLOYEE","PC","A","2021",12.5,
"MEX","WAGEGAP","EMPLOYEE","PC","A","2022",16.67,
"NLD","WAGEGAP","SELFEMPLOYED","PC","A","2004",37.014419556,
"NLD","WAGEGAP","SELFEMPLOYED","PC","A","2005",38.559661865,
"NLD","WAGEGAP","SELFEMPLOYED","PC","A","2006",42.269676208,
"NLD","WAGEGAP","SELFEMPLOYED","PC","A","2007",44.168682098,
"NLD","WAGEGAP","SELFEMPLOYED","PC","A","2008",41.469894409,
"NLD","WAGEGAP","SELFEMPLOYED","PC","A","2009",35.052986145,
"NLD","WAGEGAP","SELFEMPLOYED","PC","A","2010",30.314096451,
"NLD","WAGEGAP","SELFEMPLOYED","PC","A","2011",27.785741806,
"NLD","WAGEGAP","SELFEMPLOYED","PC","A","2012",26.04763031,
"NLD","WAGEGAP","SELFEMPLOYED","PC","A","2013",22.184499741,
"NLD","WAGEGAP","SELFEMPLOYED","PC","A","2014",24.550510406,
"NLD","WAGEGAP","SELFEMPLOYED","PC","A","2015",28.814785004,
"NLD","WAGEGAP","SELFEMPLOYED","PC","A","2016",32.024646759,
"NLD","WAGEGAP","SELFEMPLOYED","PC","A","2017",30.726119995,
"NLD","WAGEGAP","SELFEMPLOYED","PC","A","2018",28.285686493,
"NLD","WAGEGAP","SELFEMPLOYED","PC","A","2019",25.988477707,
"NLD","WAGEGAP","SELFEMPLOYED","PC","A","2020",25.228740692,
"NLD","WAGEGAP","EMPLOYEE","PC","A","2002",15.64,
"NLD","WAGEGAP","EMPLOYEE","PC","A","2006",15.98,
"NLD","WAGEGAP","EMPLOYEE","PC","A","2010",17.89,
"NLD","WAGEGAP","EMPLOYEE","PC","A","2014",15.3,
"NLD","WAGEGAP","EMPLOYEE","PC","A","2018",12.66,
"NLD","WAGEGAP","EMPLOYEE","PC","A","2019",13.4,
"NLD","WAGEGAP","EMPLOYEE","PC","A","2020",13.33,
"NLD","WAGEGAP","EMPLOYEE","PC","A","2021",13.23,
"NZL","WAGEGAP","SELFEMPLOYED","PC","A","1998",41.308052063,
"NZL","WAGEGAP","SELFEMPLOYED","PC","A","1999",39.933563232,
"NZL","WAGEGAP","SELFEMPLOYED","PC","A","2000",35.723064423,
"NZL","WAGEGAP","SELFEMPLOYED","PC","A","2001",30.412302017,
"NZL","WAGEGAP","SELFEMPLOYED","PC","A","2002",28.088359833,
"NZL","WAGEGAP","SELFEMPLOYED","PC","A","2003",29.687078476,
"NZL","WAGEGAP","SELFEMPLOYED","PC","A","2004",33.264064789,
"NZL","WAGEGAP","SELFEMPLOYED","PC","A","2005",35.477622986,
"NZL","WAGEGAP","SELFEMPLOYED","PC","A","2006",34.080451965,
"NZL","WAGEGAP","SELFEMPLOYED","PC","A","2007",36.264549255,
"NZL","WAGEGAP","SELFEMPLOYED","PC","A","2008",34.753818512,
"NZL","WAGEGAP","SELFEMPLOYED","PC","A","2009",35.189834595,
"NZL","WAGEGAP","SELFEMPLOYED","PC","A","2010",34.089702606,
"NZL","WAGEGAP","SELFEMPLOYED","PC","A","2011",31.657901764,
"NZL","WAGEGAP","SELFEMPLOYED","PC","A","2012",32.421989441,
"NZL","WAGEGAP","SELFEMPLOYED","PC","A","2013",32.734462738,
"NZL","WAGEGAP","SELFEMPLOYED","PC","A","2014",36.94777298,
"NZL","WAGEGAP","SELFEMPLOYED","PC","A","2015",36.756893158,
"NZL","WAGEGAP","SELFEMPLOYED","PC","A","2016",36.407543182,
"NZL","WAGEGAP","SELFEMPLOYED","PC","A","2017",35.737007141,
"NZL","WAGEGAP","SELFEMPLOYED","PC","A","2018",33.331363678,
"NZL","WAGEGAP","SELFEMPLOYED","PC","A","2019",30.595952988,
"NZL","WAGEGAP","SELFEMPLOYED","PC","A","2020",30.419794083,
"NZL","WAGEGAP","SELFEMPLOYED","PC","A","2021",28.942863464,
"NZL","WAGEGAP","SELFEMPLOYED","PC","A","2022",28.649486542,
"NZL","WAGEGAP","EMPLOYEE","PC","A","1984",21.47,
"NZL","WAGEGAP","EMPLOYEE","PC","A","1986",23.01,
"NZL","WAGEGAP","EMPLOYEE","PC","A","1988",20.29,
"NZL","WAGEGAP","EMPLOYEE","PC","A","1990",17.11,
"NZL","WAGEGAP","EMPLOYEE","PC","A","1992",15.57,
"NZL","WAGEGAP","EMPLOYEE","PC","A","1994",13.3,
"NZL","WAGEGAP","EMPLOYEE","PC","A","1995",13.68,
"NZL","WAGEGAP","EMPLOYEE","PC","A","1996",20.39,
"NZL","WAGEGAP","EMPLOYEE","PC","A","1997",12.71,
"NZL","WAGEGAP","EMPLOYEE","PC","A","1998",11.4,
"NZL","WAGEGAP","EMPLOYEE","PC","A","1999",8.33,
"NZL","WAGEGAP","EMPLOYEE","PC","A","2000",7.17,
"NZL","WAGEGAP","EMPLOYEE","PC","A","2001",8.06,
"NZL","WAGEGAP","EMPLOYEE","PC","A","2002",7.31,
"NZL","WAGEGAP","EMPLOYEE","PC","A","2003",7.69,
"NZL","WAGEGAP","EMPLOYEE","PC","A","2004",8.08,
"NZL","WAGEGAP","EMPLOYEE","PC","A","2005",9.61,
"NZL","WAGEGAP","EMPLOYEE","PC","A","2006",9.33,
"NZL","WAGEGAP","EMPLOYEE","PC","A","2007",7.14,
"NZL","WAGEGAP","EMPLOYEE","PC","A","2008",8.05,
"NZL","WAGEGAP","EMPLOYEE","PC","A","2009",8.76,
"NZL","WAGEGAP","EMPLOYEE","PC","A","2010",7.01,
"NZL","WAGEGAP","EMPLOYEE","PC","A","2011",4.53,
"NZL","WAGEGAP","EMPLOYEE","PC","A","2012",5.91,
"NZL","WAGEGAP","EMPLOYEE","PC","A","2013",6.59,
"NZL","WAGEGAP","EMPLOYEE","PC","A","2014",6.08,
"NZL","WAGEGAP","EMPLOYEE","PC","A","2015",7.92,
"NZL","WAGEGAP","EMPLOYEE","PC","A","2016",7.77,
"NZL","WAGEGAP","EMPLOYEE","PC","A","2017",7.15,
"NZL","WAGEGAP","EMPLOYEE","PC","A","2018",7.87,
"NZL","WAGEGAP","EMPLOYEE","PC","A","2019",6.51,
"NZL","WAGEGAP","EMPLOYEE","PC","A","2020",4.58,
"NZL","WAGEGAP","EMPLOYEE","PC","A","2021",6.67,
"NZL","WAGEGAP","EMPLOYEE","PC","A","2022",9.24,
"NOR","WAGEGAP","SELFEMPLOYED","PC","A","2003",32.322589874,
"NOR","WAGEGAP","SELFEMPLOYED","PC","A","2004",32.485565186,
"NOR","WAGEGAP","SELFEMPLOYED","PC","A","2005",30.878511429,
"NOR","WAGEGAP","SELFEMPLOYED","PC","A","2006",27.919670105,
"NOR","WAGEGAP","SELFEMPLOYED","PC","A","2007",26.360080719,
"NOR","WAGEGAP","SELFEMPLOYED","PC","A","2008",28.096136093,
"NOR","WAGEGAP","SELFEMPLOYED","PC","A","2009",28.1039505,
"NOR","WAGEGAP","SELFEMPLOYED","PC","A","2010",26.656616211,
"NOR","WAGEGAP","SELFEMPLOYED","PC","A","2011",25.351114273,
"NOR","WAGEGAP","SELFEMPLOYED","PC","A","2012",18.676582336,
"NOR","WAGEGAP","SELFEMPLOYED","PC","A","2013",18.541194916,
"NOR","WAGEGAP","SELFEMPLOYED","PC","A","2014",17.39384079,
"NOR","WAGEGAP","SELFEMPLOYED","PC","A","2015",20.162454605,
"NOR","WAGEGAP","SELFEMPLOYED","PC","A","2016",14.586408615,
"NOR","WAGEGAP","SELFEMPLOYED","PC","A","2017",12.188750267,
"NOR","WAGEGAP","SELFEMPLOYED","PC","A","2018",14.961437225,
"NOR","WAGEGAP","SELFEMPLOYED","PC","A","2019",18.989927292,
"NOR","WAGEGAP","EMPLOYEE","PC","A","1997",9.32,
"NOR","WAGEGAP","EMPLOYEE","PC","A","1998",8.89,
"NOR","WAGEGAP","EMPLOYEE","PC","A","1999",9.22,
"NOR","WAGEGAP","EMPLOYEE","PC","A","2000",9.23,
"NOR","WAGEGAP","EMPLOYEE","PC","A","2001",9.79,
"NOR","WAGEGAP","EMPLOYEE","PC","A","2002",9.690074539,
"NOR","WAGEGAP","EMPLOYEE","PC","A","2003",9.33,
"NOR","WAGEGAP","EMPLOYEE","PC","A","2004",8.45,
"NOR","WAGEGAP","EMPLOYEE","PC","A","2005",8.62,
"NOR","WAGEGAP","EMPLOYEE","PC","A","2006",8.21,
"NOR","WAGEGAP","EMPLOYEE","PC","A","2007",8.79,
"NOR","WAGEGAP","EMPLOYEE","PC","A","2008",8.76,
"NOR","WAGEGAP","EMPLOYEE","PC","A","2009",8.28,
"NOR","WAGEGAP","EMPLOYEE","PC","A","2010",7.24,
"NOR","WAGEGAP","EMPLOYEE","PC","A","2011",7.14,
"NOR","WAGEGAP","EMPLOYEE","PC","A","2012",5.79,
"NOR","WAGEGAP","EMPLOYEE","PC","A","2013",6.6,
"NOR","WAGEGAP","EMPLOYEE","PC","A","2014",5.8,
"NOR","WAGEGAP","EMPLOYEE","PC","A","2015",6.96,
"NOR","WAGEGAP","EMPLOYEE","PC","A","2016",6.31,
"NOR","WAGEGAP","EMPLOYEE","PC","A","2017",5.49,
"NOR","WAGEGAP","EMPLOYEE","PC","A","2018",5.13,
"NOR","WAGEGAP","EMPLOYEE","PC","A","2019",4.37,
"NOR","WAGEGAP","EMPLOYEE","PC","A","2020",4.81,
"NOR","WAGEGAP","EMPLOYEE","PC","A","2021",4.6,
"NOR","WAGEGAP","EMPLOYEE","PC","A","2022",4.4814594487,
"POL","WAGEGAP","SELFEMPLOYED","PC","A","2004",53.69146347,
"POL","WAGEGAP","SELFEMPLOYED","PC","A","2005",54.655357361,
"POL","WAGEGAP","SELFEMPLOYED","PC","A","2006",53.150177002,
"POL","WAGEGAP","SELFEMPLOYED","PC","A","2007",56.82787323,
"POL","WAGEGAP","SELFEMPLOYED","PC","A","2008",58.066364288,
"POL","WAGEGAP","SELFEMPLOYED","PC","A","2009",61.635009766,
"POL","WAGEGAP","SELFEMPLOYED","PC","A","2010",61.631919861,
"POL","WAGEGAP","SELFEMPLOYED","PC","A","2011",61.928142548,
"POL","WAGEGAP","SELFEMPLOYED","PC","A","2012",61.234382629,
"POL","WAGEGAP","SELFEMPLOYED","PC","A","2013",60.211868286,
"POL","WAGEGAP","SELFEMPLOYED","PC","A","2014",58.688415527,
"POL","WAGEGAP","SELFEMPLOYED","PC","A","2015",57.084980011,
"POL","WAGEGAP","SELFEMPLOYED","PC","A","2016",53.318809509,
"POL","WAGEGAP","SELFEMPLOYED","PC","A","2017",50.217689514,
"POL","WAGEGAP","SELFEMPLOYED","PC","A","2018",49.398132324,
"POL","WAGEGAP","SELFEMPLOYED","PC","A","2019",49.731678009,
"POL","WAGEGAP","EMPLOYEE","PC","A","1991",20.15,
"POL","WAGEGAP","EMPLOYEE","PC","A","1992",17.25,
"POL","WAGEGAP","EMPLOYEE","PC","A","1993",20.03,
"POL","WAGEGAP","EMPLOYEE","PC","A","1994",18.85,
"POL","WAGEGAP","EMPLOYEE","PC","A","1995",20.1,
"POL","WAGEGAP","EMPLOYEE","PC","A","1996",20.47,
"POL","WAGEGAP","EMPLOYEE","PC","A","1997",18.57,
"POL","WAGEGAP","EMPLOYEE","PC","A","1998",19.11,
"POL","WAGEGAP","EMPLOYEE","PC","A","1999",17.56,
"POL","WAGEGAP","EMPLOYEE","PC","A","2001",14.3,
"POL","WAGEGAP","EMPLOYEE","PC","A","2002",11.32,
"POL","WAGEGAP","EMPLOYEE","PC","A","2004",10.64,
"POL","WAGEGAP","EMPLOYEE","PC","A","2006",11.44,
"POL","WAGEGAP","EMPLOYEE","PC","A","2008",12.99,
"POL","WAGEGAP","EMPLOYEE","PC","A","2010",7.19,
"POL","WAGEGAP","EMPLOYEE","PC","A","2012",10.62,
"POL","WAGEGAP","EMPLOYEE","PC","A","2014",11.07,
"POL","WAGEGAP","EMPLOYEE","PC","A","2016",9.42,
"POL","WAGEGAP","EMPLOYEE","PC","A","2018",11.5,
"POL","WAGEGAP","EMPLOYEE","PC","A","2020",8.69,
"PRT","WAGEGAP","SELFEMPLOYED","PC","A","2006",62.25012207,
"PRT","WAGEGAP","SELFEMPLOYED","PC","A","2007",60.922393799,
"PRT","WAGEGAP","SELFEMPLOYED","PC","A","2008",60.391902924,
"PRT","WAGEGAP","SELFEMPLOYED","PC","A","2009",58.390205383,
"PRT","WAGEGAP","SELFEMPLOYED","PC","A","2010",59.24471283,
"PRT","WAGEGAP","SELFEMPLOYED","PC","A","2011",58.695732117,
"PRT","WAGEGAP","SELFEMPLOYED","PC","A","2012",54.437099457,
"PRT","WAGEGAP","SELFEMPLOYED","PC","A","2013",47.009235382,
"PRT","WAGEGAP","SELFEMPLOYED","PC","A","2014",40.368095398,
"PRT","WAGEGAP","SELFEMPLOYED","PC","A","2015",41.198135376,
"PRT","WAGEGAP","SELFEMPLOYED","PC","A","2016",42.367412567,
"PRT","WAGEGAP","SELFEMPLOYED","PC","A","2017",45.655525208,
"PRT","WAGEGAP","SELFEMPLOYED","PC","A","2018",41.70879364,
"PRT","WAGEGAP","SELFEMPLOYED","PC","A","2019",28.674753189,
"PRT","WAGEGAP","SELFEMPLOYED","PC","A","2020",19.96377182,
"PRT","WAGEGAP","EMPLOYEE","PC","A","2002",21.86,
"PRT","WAGEGAP","EMPLOYEE","PC","A","2006",12.81,
"PRT","WAGEGAP","EMPLOYEE","PC","A","2010",16.02,
"PRT","WAGEGAP","EMPLOYEE","PC","A","2014",15.32,
"PRT","WAGEGAP","EMPLOYEE","PC","A","2018",11.67,
"PRT","WAGEGAP","EMPLOYEE","PC","A","2019",11.42,
"PRT","WAGEGAP","EMPLOYEE","PC","A","2020",11.72,
"PRT","WAGEGAP","EMPLOYEE","PC","A","2021",12.23,
"SVK","WAGEGAP","SELFEMPLOYED","PC","A","2004",21.465621948,
"SVK","WAGEGAP","SELFEMPLOYED","PC","A","2005",19.869867325,
"SVK","WAGEGAP","SELFEMPLOYED","PC","A","2006",23.739473343,
"SVK","WAGEGAP","SELFEMPLOYED","PC","A","2007",26.853412628,
"SVK","WAGEGAP","SELFEMPLOYED","PC","A","2008",29.884807587,
"SVK","WAGEGAP","SELFEMPLOYED","PC","A","2009",31.579118729,
"SVK","WAGEGAP","SELFEMPLOYED","PC","A","2010",30.927671432,
"SVK","WAGEGAP","SELFEMPLOYED","PC","A","2011",32.207328796,
"SVK","WAGEGAP","SELFEMPLOYED","PC","A","2012",32.336830139,
"SVK","WAGEGAP","SELFEMPLOYED","PC","A","2013",35.467365265,
"SVK","WAGEGAP","SELFEMPLOYED","PC","A","2014",31.515951157,
"SVK","WAGEGAP","SELFEMPLOYED","PC","A","2015",25.562057495,
"SVK","WAGEGAP","SELFEMPLOYED","PC","A","2016",17.278533936,
"SVK","WAGEGAP","SELFEMPLOYED","PC","A","2017",13.499799728,
"SVK","WAGEGAP","SELFEMPLOYED","PC","A","2018",12.074243546,
"SVK","WAGEGAP","SELFEMPLOYED","PC","A","2019",11.484815598,
"SVK","WAGEGAP","EMPLOYEE","PC","A","2002",20.36,
"SVK","WAGEGAP","EMPLOYEE","PC","A","2003",20.69,
"SVK","WAGEGAP","EMPLOYEE","PC","A","2004",20.88,
"SVK","WAGEGAP","EMPLOYEE","PC","A","2005",20.1,
"SVK","WAGEGAP","EMPLOYEE","PC","A","2006",17.8,
"SVK","WAGEGAP","EMPLOYEE","PC","A","2007",17.52,
"SVK","WAGEGAP","EMPLOYEE","PC","A","2008",16.44,
"SVK","WAGEGAP","EMPLOYEE","PC","A","2009",16.43,
"SVK","WAGEGAP","EMPLOYEE","PC","A","2010",14.85,
"SVK","WAGEGAP","EMPLOYEE","PC","A","2011",15.449856429,
"SVK","WAGEGAP","EMPLOYEE","PC","A","2012",15.97,
"SVK","WAGEGAP","EMPLOYEE","PC","A","2013",14.11,
"SVK","WAGEGAP","EMPLOYEE","PC","A","2014",14.350047529,
"SVK","WAGEGAP","EMPLOYEE","PC","A","2015",13.38,
"SVK","WAGEGAP","EMPLOYEE","PC","A","2016",13.9,
"SVK","WAGEGAP","EMPLOYEE","PC","A","2017",15.040042332,
"SVK","WAGEGAP","EMPLOYEE","PC","A","2018",15.66,
"SVK","WAGEGAP","EMPLOYEE","PC","A","2019",13.87,
"SVK","WAGEGAP","EMPLOYEE","PC","A","2020",11.01,
"SVK","WAGEGAP","EMPLOYEE","PC","A","2021",11.7,
"SVK","WAGEGAP","EMPLOYEE","PC","A","2022",13.808194646,
"ESP","WAGEGAP","SELFEMPLOYED","PC","A","2005",38.983505249,
"ESP","WAGEGAP","SELFEMPLOYED","PC","A","2006",37.542606354,
"ESP","WAGEGAP","SELFEMPLOYED","PC","A","2007",36.205646515,
"ESP","WAGEGAP","SELFEMPLOYED","PC","A","2008",31.653978348,
"ESP","WAGEGAP","SELFEMPLOYED","PC","A","2009",29.97127533,
"ESP","WAGEGAP","SELFEMPLOYED","PC","A","2010",24.738239288,
"ESP","WAGEGAP","SELFEMPLOYED","PC","A","2011",23.488946915,
"ESP","WAGEGAP","SELFEMPLOYED","PC","A","2012",23.035387039,
"ESP","WAGEGAP","SELFEMPLOYED","PC","A","2013",24.90014267,
"ESP","WAGEGAP","SELFEMPLOYED","PC","A","2014",28.569604874,
"ESP","WAGEGAP","SELFEMPLOYED","PC","A","2015",26.50705719,
"ESP","WAGEGAP","SELFEMPLOYED","PC","A","2016",25.145999908,
"ESP","WAGEGAP","SELFEMPLOYED","PC","A","2017",24.451547623,
"ESP","WAGEGAP","SELFEMPLOYED","PC","A","2018",26.071443558,
"ESP","WAGEGAP","SELFEMPLOYED","PC","A","2019",23.483940125,
"ESP","WAGEGAP","SELFEMPLOYED","PC","A","2020",20.490325928,
"ESP","WAGEGAP","EMPLOYEE","PC","A","2002",17.16,
"ESP","WAGEGAP","EMPLOYEE","PC","A","2006",13.53,
"ESP","WAGEGAP","EMPLOYEE","PC","A","2010",13.5,
"ESP","WAGEGAP","EMPLOYEE","PC","A","2014",11.54,
"ESP","WAGEGAP","EMPLOYEE","PC","A","2018",8.62,
"ESP","WAGEGAP","EMPLOYEE","PC","A","2020",8.09,
"ESP","WAGEGAP","EMPLOYEE","PC","A","2021",8.09,
"SWE","WAGEGAP","SELFEMPLOYED","PC","A","2003",5.5662798882,
"SWE","WAGEGAP","SELFEMPLOYED","PC","A","2004",13.169237137,
"SWE","WAGEGAP","SELFEMPLOYED","PC","A","2005",18.081148148,
"SWE","WAGEGAP","SELFEMPLOYED","PC","A","2006",19.746435165,
"SWE","WAGEGAP","SELFEMPLOYED","PC","A","2007",12.053091049,
"SWE","WAGEGAP","SELFEMPLOYED","PC","A","2008",9.9748754501,
"SWE","WAGEGAP","SELFEMPLOYED","PC","A","2009",15.589975357,
"SWE","WAGEGAP","SELFEMPLOYED","PC","A","2010",18.419061661,
"SWE","WAGEGAP","SELFEMPLOYED","PC","A","2011",18.593906403,
"SWE","WAGEGAP","SELFEMPLOYED","PC","A","2012",12.481360435,
"SWE","WAGEGAP","SELFEMPLOYED","PC","A","2013",18.15860939,
"SWE","WAGEGAP","SELFEMPLOYED","PC","A","2014",15.290781975,
"SWE","WAGEGAP","SELFEMPLOYED","PC","A","2015",17.605566025,
"SWE","WAGEGAP","SELFEMPLOYED","PC","A","2016",16.549993515,
"SWE","WAGEGAP","SELFEMPLOYED","PC","A","2017",11.836267471,
"SWE","WAGEGAP","SELFEMPLOYED","PC","A","2018",15.886770248,
"SWE","WAGEGAP","SELFEMPLOYED","PC","A","2019",6.2244920731,
"SWE","WAGEGAP","SELFEMPLOYED","PC","A","2020",9.7556819916,
"SWE","WAGEGAP","EMPLOYEE","PC","A","1995",9.68,
"SWE","WAGEGAP","EMPLOYEE","PC","A","1996",11.52,
"SWE","WAGEGAP","EMPLOYEE","PC","A","1997",11.56,
"SWE","WAGEGAP","EMPLOYEE","PC","A","1998",12.78,
"SWE","WAGEGAP","EMPLOYEE","PC","A","1999",11.83,
"SWE","WAGEGAP","EMPLOYEE","PC","A","2000",12.37,
"SWE","WAGEGAP","EMPLOYEE","PC","A","2001",12.38,
"SWE","WAGEGAP","EMPLOYEE","PC","A","2002",11.9,
"SWE","WAGEGAP","EMPLOYEE","PC","A","2003",11.52,
"SWE","WAGEGAP","EMPLOYEE","PC","A","2004",10.76,
"SWE","WAGEGAP","EMPLOYEE","PC","A","2005",11.3,
"SWE","WAGEGAP","EMPLOYEE","PC","A","2006",11.02,
"SWE","WAGEGAP","EMPLOYEE","PC","A","2007",11.84,
"SWE","WAGEGAP","EMPLOYEE","PC","A","2008",10.59,
"SWE","WAGEGAP","EMPLOYEE","PC","A","2009",9.54,
"SWE","WAGEGAP","EMPLOYEE","PC","A","2010",9.36,
"SWE","WAGEGAP","EMPLOYEE","PC","A","2011",9.16,
"SWE","WAGEGAP","EMPLOYEE","PC","A","2012",9.29,
"SWE","WAGEGAP","EMPLOYEE","PC","A","2013",9.38,
"SWE","WAGEGAP","EMPLOYEE","PC","A","2014",9.15,
"SWE","WAGEGAP","EMPLOYEE","PC","A","2015",8.33,
"SWE","WAGEGAP","EMPLOYEE","PC","A","2016",8.1699346405,
"SWE","WAGEGAP","EMPLOYEE","PC","A","2017",7.35,
"SWE","WAGEGAP","EMPLOYEE","PC","A","2018",7.14,
"SWE","WAGEGAP","EMPLOYEE","PC","A","2019",7.58,
"SWE","WAGEGAP","EMPLOYEE","PC","A","2020",7.42,
"SWE","WAGEGAP","EMPLOYEE","PC","A","2021",7.25,
"CHE","WAGEGAP","SELFEMPLOYED","PC","A","2007",58.173454285,
"CHE","WAGEGAP","SELFEMPLOYED","PC","A","2008",56.092365265,
"CHE","WAGEGAP","SELFEMPLOYED","PC","A","2009",51.421958923,
"CHE","WAGEGAP","SELFEMPLOYED","PC","A","2010",50.670024872,
"CHE","WAGEGAP","SELFEMPLOYED","PC","A","2011",49.349884033,
"CHE","WAGEGAP","SELFEMPLOYED","PC","A","2012",50.092727661,
"CHE","WAGEGAP","SELFEMPLOYED","PC","A","2013",44.259407043,
"CHE","WAGEGAP","SELFEMPLOYED","PC","A","2014",42.23714447,
"CHE","WAGEGAP","SELFEMPLOYED","PC","A","2015",41.090423584,
"CHE","WAGEGAP","SELFEMPLOYED","PC","A","2016",44.09544754,
"CHE","WAGEGAP","SELFEMPLOYED","PC","A","2017",44.24666214,
"CHE","WAGEGAP","SELFEMPLOYED","PC","A","2018",40.492107391,
"CHE","WAGEGAP","SELFEMPLOYED","PC","A","2019",37.608348846,
"CHE","WAGEGAP","EMPLOYEE","PC","A","1996",25.47,
"CHE","WAGEGAP","EMPLOYEE","PC","A","1998",24.12,
"CHE","WAGEGAP","EMPLOYEE","PC","A","2000",23.79,
"CHE","WAGEGAP","EMPLOYEE","PC","A","2002",22.8,
"CHE","WAGEGAP","EMPLOYEE","PC","A","2004",22.01,
"CHE","WAGEGAP","EMPLOYEE","PC","A","2006",21.32,
"CHE","WAGEGAP","EMPLOYEE","PC","A","2008",21.31,
"CHE","WAGEGAP","EMPLOYEE","PC","A","2010",20.05,
"CHE","WAGEGAP","EMPLOYEE","PC","A","2012",19.34,
"CHE","WAGEGAP","EMPLOYEE","PC","A","2014",16.94,
"CHE","WAGEGAP","EMPLOYEE","PC","A","2016",14.76,
"CHE","WAGEGAP","EMPLOYEE","PC","A","2018",15.1,
"CHE","WAGEGAP","EMPLOYEE","PC","A","2020",13.8,
"TUR","WAGEGAP","EMPLOYEE","PC","A","2006",3.21,
"TUR","WAGEGAP","EMPLOYEE","PC","A","2010",3.1,
"TUR","WAGEGAP","EMPLOYEE","PC","A","2014",6.88,
"TUR","WAGEGAP","EMPLOYEE","PC","A","2018",9.98,
"GBR","WAGEGAP","SELFEMPLOYED","PC","A","2004",46.036197662,
"GBR","WAGEGAP","SELFEMPLOYED","PC","A","2005",44.919704437,
"GBR","WAGEGAP","SELFEMPLOYED","PC","A","2006",43.584445953,
"GBR","WAGEGAP","SELFEMPLOYED","PC","A","2007",39.928573608,
"GBR","WAGEGAP","SELFEMPLOYED","PC","A","2008",38.440834045,
"GBR","WAGEGAP","SELFEMPLOYED","PC","A","2009",38.215435028,
"GBR","WAGEGAP","SELFEMPLOYED","PC","A","2010",40.421165466,
"GBR","WAGEGAP","SELFEMPLOYED","PC","A","2011",39.599937439,
"GBR","WAGEGAP","SELFEMPLOYED","PC","A","2012",36.653495789,
"GBR","WAGEGAP","SELFEMPLOYED","PC","A","2013",33.204566956,
"GBR","WAGEGAP","SELFEMPLOYED","PC","A","2014",32.554798126,
"GBR","WAGEGAP","SELFEMPLOYED","PC","A","2015",32.83839798,
"GBR","WAGEGAP","SELFEMPLOYED","PC","A","2016",34.182178497,
"GBR","WAGEGAP","SELFEMPLOYED","PC","A","2017",34.210849762,
"GBR","WAGEGAP","EMPLOYEE","PC","A","1970",47.58,
"GBR","WAGEGAP","EMPLOYEE","PC","A","1971",45.53,
"GBR","WAGEGAP","EMPLOYEE","PC","A","1972",45.68,
"GBR","WAGEGAP","EMPLOYEE","PC","A","1973",46.38,
"GBR","WAGEGAP","EMPLOYEE","PC","A","1974",44.42,
"GBR","WAGEGAP","EMPLOYEE","PC","A","1975",39.86,
"GBR","WAGEGAP","EMPLOYEE","PC","A","1976",36.550301936,
"GBR","WAGEGAP","EMPLOYEE","PC","A","1977",35.79,
"GBR","WAGEGAP","EMPLOYEE","PC","A","1978",37.47,
"GBR","WAGEGAP","EMPLOYEE","PC","A","1979",38.3,
"GBR","WAGEGAP","EMPLOYEE","PC","A","1980",36.69,
"GBR","WAGEGAP","EMPLOYEE","PC","A","1981",35.43,
"GBR","WAGEGAP","EMPLOYEE","PC","A","1982",35.66,
"GBR","WAGEGAP","EMPLOYEE","PC","A","1983",34.57,
"GBR","WAGEGAP","EMPLOYEE","PC","A","1984",35.08,
"GBR","WAGEGAP","EMPLOYEE","PC","A","1985",35.120114368,
"GBR","WAGEGAP","EMPLOYEE","PC","A","1986",34.94,
"GBR","WAGEGAP","EMPLOYEE","PC","A","1987",34.51,
"GBR","WAGEGAP","EMPLOYEE","PC","A","1988",34.05,
"GBR","WAGEGAP","EMPLOYEE","PC","A","1989",33.73,
"GBR","WAGEGAP","EMPLOYEE","PC","A","1990",32.74,
"GBR","WAGEGAP","EMPLOYEE","PC","A","1991",31.08,
"GBR","WAGEGAP","EMPLOYEE","PC","A","1992",29.95,
"GBR","WAGEGAP","EMPLOYEE","PC","A","1993",28.72,
"GBR","WAGEGAP","EMPLOYEE","PC","A","1994",28.08,
"GBR","WAGEGAP","EMPLOYEE","PC","A","1995",28.19,
"GBR","WAGEGAP","EMPLOYEE","PC","A","1996",27.22,
"GBR","WAGEGAP","EMPLOYEE","PC","A","1997",26.92,
"GBR","WAGEGAP","EMPLOYEE","PC","A","1998",27.04,
"GBR","WAGEGAP","EMPLOYEE","PC","A","1999",26.09,
"GBR","WAGEGAP","EMPLOYEE","PC","A","2000",26.28,
"GBR","WAGEGAP","EMPLOYEE","PC","A","2001",25.64,
"GBR","WAGEGAP","EMPLOYEE","PC","A","2002",24.38,
"GBR","WAGEGAP","EMPLOYEE","PC","A","2003",24.12,
"GBR","WAGEGAP","EMPLOYEE","PC","A","2004",23.36,
"GBR","WAGEGAP","EMPLOYEE","PC","A","2005",22.06,
"GBR","WAGEGAP","EMPLOYEE","PC","A","2006",21.72,
"GBR","WAGEGAP","EMPLOYEE","PC","A","2007",21.63,
"GBR","WAGEGAP","EMPLOYEE","PC","A","2008",21.86,
"GBR","WAGEGAP","EMPLOYEE","PC","A","2009",20.69,
"GBR","WAGEGAP","EMPLOYEE","PC","A","2010",19.23,
"GBR","WAGEGAP","EMPLOYEE","PC","A","2011",18.25,
"GBR","WAGEGAP","EMPLOYEE","PC","A","2012",17.78,
"GBR","WAGEGAP","EMPLOYEE","PC","A","2013",17.48,
"GBR","WAGEGAP","EMPLOYEE","PC","A","2014",17.38,
"GBR","WAGEGAP","EMPLOYEE","PC","A","2015",17.1,
"GBR","WAGEGAP","EMPLOYEE","PC","A","2016",16.8,
"GBR","WAGEGAP","EMPLOYEE","PC","A","2017",16.53,
"GBR","WAGEGAP","EMPLOYEE","PC","A","2018",16.31,
"GBR","WAGEGAP","EMPLOYEE","PC","A","2019",16.1,
"GBR","WAGEGAP","EMPLOYEE","PC","A","2020",11.98,
"GBR","WAGEGAP","EMPLOYEE","PC","A","2021",14.17,
"GBR","WAGEGAP","EMPLOYEE","PC","A","2022",14.48,
"USA","WAGEGAP","SELFEMPLOYED","PC","A","2005",63.200000763,
"USA","WAGEGAP","SELFEMPLOYED","PC","A","2006",41.384269714,
"USA","WAGEGAP","SELFEMPLOYED","PC","A","2007",43.829040527,
"USA","WAGEGAP","SELFEMPLOYED","PC","A","2008",47.521472931,
"USA","WAGEGAP","SELFEMPLOYED","PC","A","2009",49.13993454,
"USA","WAGEGAP","SELFEMPLOYED","PC","A","2010",49.123092651,
"USA","WAGEGAP","SELFEMPLOYED","PC","A","2011",46.241779327,
"USA","WAGEGAP","SELFEMPLOYED","PC","A","2012",46.243434906,
"USA","WAGEGAP","SELFEMPLOYED","PC","A","2013",45.792728424,"B"
"USA","WAGEGAP","SELFEMPLOYED","PC","A","2014",48.56545639,
"USA","WAGEGAP","SELFEMPLOYED","PC","A","2015",49.119281769,
"USA","WAGEGAP","SELFEMPLOYED","PC","A","2016",49.470157623,
"USA","WAGEGAP","SELFEMPLOYED","PC","A","2017",42.976394653,
"USA","WAGEGAP","SELFEMPLOYED","PC","A","2018",39.377372742,"B"
"USA","WAGEGAP","SELFEMPLOYED","PC","A","2019",38.082939148,
"USA","WAGEGAP","SELFEMPLOYED","PC","A","2020",41.802112579,
"USA","WAGEGAP","EMPLOYEE","PC","A","1973",38.11,
"USA","WAGEGAP","EMPLOYEE","PC","A","1974",39.1,
"USA","WAGEGAP","EMPLOYEE","PC","A","1975",37.63003166,
"USA","WAGEGAP","EMPLOYEE","PC","A","1976",37.76,
"USA","WAGEGAP","EMPLOYEE","PC","A","1977",38.22,
"USA","WAGEGAP","EMPLOYEE","PC","A","1978",38.97,
"USA","WAGEGAP","EMPLOYEE","PC","A","1979",37.64,
"USA","WAGEGAP","EMPLOYEE","PC","A","1980",36.55,
"USA","WAGEGAP","EMPLOYEE","PC","A","1981",35.17,
"USA","WAGEGAP","EMPLOYEE","PC","A","1982",34.72,
"USA","WAGEGAP","EMPLOYEE","PC","A","1983",34.29,
"USA","WAGEGAP","EMPLOYEE","PC","A","1984",33.43,
"USA","WAGEGAP","EMPLOYEE","PC","A","1985",32.98,
"USA","WAGEGAP","EMPLOYEE","PC","A","1986",32.190214906,
"USA","WAGEGAP","EMPLOYEE","PC","A","1987",31.02,
"USA","WAGEGAP","EMPLOYEE","PC","A","1988",30.07,
"USA","WAGEGAP","EMPLOYEE","PC","A","1989",29.36,
"USA","WAGEGAP","EMPLOYEE","PC","A","1990",28.46,
"USA","WAGEGAP","EMPLOYEE","PC","A","1991",26.57,
"USA","WAGEGAP","EMPLOYEE","PC","A","1992",25.06,
"USA","WAGEGAP","EMPLOYEE","PC","A","1993",23.88,
"USA","WAGEGAP","EMPLOYEE","PC","A","1994",23.88,
"USA","WAGEGAP","EMPLOYEE","PC","A","1995",24.579985391,
"USA","WAGEGAP","EMPLOYEE","PC","A","1996",23.82,
"USA","WAGEGAP","EMPLOYEE","PC","A","1997",23.79,
"USA","WAGEGAP","EMPLOYEE","PC","A","1998",23.75,
"USA","WAGEGAP","EMPLOYEE","PC","A","1999",23.46,
"USA","WAGEGAP","EMPLOYEE","PC","A","2000",23.09,
"USA","WAGEGAP","EMPLOYEE","PC","A","2001",23.58,
"USA","WAGEGAP","EMPLOYEE","PC","A","2002",22.09,
"USA","WAGEGAP","EMPLOYEE","PC","A","2003",20.58,
"USA","WAGEGAP","EMPLOYEE","PC","A","2004",19.64,
"USA","WAGEGAP","EMPLOYEE","PC","A","2005",18.98,
"USA","WAGEGAP","EMPLOYEE","PC","A","2006",19.25,
"USA","WAGEGAP","EMPLOYEE","PC","A","2007",19.84,
"USA","WAGEGAP","EMPLOYEE","PC","A","2008",20.050125313,
"USA","WAGEGAP","EMPLOYEE","PC","A","2009",19.78,
"USA","WAGEGAP","EMPLOYEE","PC","A","2010",18.81,
"USA","WAGEGAP","EMPLOYEE","PC","A","2011",17.79,
"USA","WAGEGAP","EMPLOYEE","PC","A","2012",19.09,
"USA","WAGEGAP","EMPLOYEE","PC","A","2013",17.91,
"USA","WAGEGAP","EMPLOYEE","PC","A","2014",17.45,
"USA","WAGEGAP","EMPLOYEE","PC","A","2015",18.88,
"USA","WAGEGAP","EMPLOYEE","PC","A","2016",18.14,
"USA","WAGEGAP","EMPLOYEE","PC","A","2017",18.17,
"USA","WAGEGAP","EMPLOYEE","PC","A","2018",18.91,
"USA","WAGEGAP","EMPLOYEE","PC","A","2019",18.47,
"USA","WAGEGAP","EMPLOYEE","PC","A","2020",17.65,
"USA","WAGEGAP","EMPLOYEE","PC","A","2021",16.86,
"USA","WAGEGAP","EMPLOYEE","PC","A","2022",16.98,
"BGR","WAGEGAP","EMPLOYEE","PC","A","2002",12.01,
"BGR","WAGEGAP","EMPLOYEE","PC","A","2010",6.93,
"BGR","WAGEGAP","EMPLOYEE","PC","A","2014",4.06,
"BGR","WAGEGAP","EMPLOYEE","PC","A","2018",3.03,
"BGR","WAGEGAP","EMPLOYEE","PC","A","2019",3.36,
"BGR","WAGEGAP","EMPLOYEE","PC","A","2020",2.55,
"BGR","WAGEGAP","EMPLOYEE","PC","A","2021",2.45,
"CHL","WAGEGAP","EMPLOYEE","PC","A","1998",14.29,
"CHL","WAGEGAP","EMPLOYEE","PC","A","2000",6.07,
"CHL","WAGEGAP","EMPLOYEE","PC","A","2003",1.68,
"CHL","WAGEGAP","EMPLOYEE","PC","A","2006",5.56,
"CHL","WAGEGAP","EMPLOYEE","PC","A","2009",9.09,
"CHL","WAGEGAP","EMPLOYEE","PC","A","2011",16,
"CHL","WAGEGAP","EMPLOYEE","PC","A","2013",10.67,
"CHL","WAGEGAP","EMPLOYEE","PC","A","2015",14.29,
"CHL","WAGEGAP","EMPLOYEE","PC","A","2017",12.5,
"CHL","WAGEGAP","EMPLOYEE","PC","A","2020",8.6,
"CHL","WAGEGAP","EMPLOYEE","PC","A","2021",10.92,
"COL","WAGEGAP","EMPLOYEE","PC","A","2007",7.51,
"COL","WAGEGAP","EMPLOYEE","PC","A","2008",10.81,
"COL","WAGEGAP","EMPLOYEE","PC","A","2009",10,
"COL","WAGEGAP","EMPLOYEE","PC","A","2010",12.66,
"COL","WAGEGAP","EMPLOYEE","PC","A","2011",12.64,
"COL","WAGEGAP","EMPLOYEE","PC","A","2012",14.5,
"COL","WAGEGAP","EMPLOYEE","PC","A","2013",13.59,
"COL","WAGEGAP","EMPLOYEE","PC","A","2014",14.77,
"COL","WAGEGAP","EMPLOYEE","PC","A","2015",14.25,
"COL","WAGEGAP","EMPLOYEE","PC","A","2016",12.76,
"COL","WAGEGAP","EMPLOYEE","PC","A","2017",11.25,
"COL","WAGEGAP","EMPLOYEE","PC","A","2018",10.63,
"COL","WAGEGAP","EMPLOYEE","PC","A","2019",9.39,
"COL","WAGEGAP","EMPLOYEE","PC","A","2020",2.96,
"COL","WAGEGAP","EMPLOYEE","PC","A","2021",3.34,
"COL","WAGEGAP","EMPLOYEE","PC","A","2022",1.86,
"CRI","WAGEGAP","EMPLOYEE","PC","A","2010",9.33,
"CRI","WAGEGAP","EMPLOYEE","PC","A","2011",9.72,
"CRI","WAGEGAP","EMPLOYEE","PC","A","2012",10.09,
"CRI","WAGEGAP","EMPLOYEE","PC","A","2013",9.72,
"CRI","WAGEGAP","EMPLOYEE","PC","A","2014",12.31,
"CRI","WAGEGAP","EMPLOYEE","PC","A","2015",9.09,
"CRI","WAGEGAP","EMPLOYEE","PC","A","2016",6.25,
"CRI","WAGEGAP","EMPLOYEE","PC","A","2017",6.59,
"CRI","WAGEGAP","EMPLOYEE","PC","A","2018",8.45,
"CRI","WAGEGAP","EMPLOYEE","PC","A","2019",6.53,
"CRI","WAGEGAP","EMPLOYEE","PC","A","2020",3.03,
"CRI","WAGEGAP","EMPLOYEE","PC","A","2021",5.2,
"CRI","WAGEGAP","EMPLOYEE","PC","A","2022",1.45,
"HRV","WAGEGAP","EMPLOYEE","PC","A","2010",3.83,
"HRV","WAGEGAP","EMPLOYEE","PC","A","2018",7.92,
"HRV","WAGEGAP","EMPLOYEE","PC","A","2019",7.57,
"HRV","WAGEGAP","EMPLOYEE","PC","A","2020",7.38,
"HRV","WAGEGAP","EMPLOYEE","PC","A","2021",7.31,
"CYP","WAGEGAP","EMPLOYEE","PC","A","2002",31.399946315,
"CYP","WAGEGAP","EMPLOYEE","PC","A","2006",30.48,
"CYP","WAGEGAP","EMPLOYEE","PC","A","2010",24.6,
"CYP","WAGEGAP","EMPLOYEE","PC","A","2014",13.41,
"CYP","WAGEGAP","EMPLOYEE","PC","A","2018",15.87,
"CYP","WAGEGAP","EMPLOYEE","PC","A","2019",16.84,
"CYP","WAGEGAP","EMPLOYEE","PC","A","2020",16.58,
"CYP","WAGEGAP","EMPLOYEE","PC","A","2021",16.25,
"EST","WAGEGAP","SELFEMPLOYED","PC","A","2003",18.58316803,
"EST","WAGEGAP","SELFEMPLOYED","PC","A","2004",14.182986259,
"EST","WAGEGAP","SELFEMPLOYED","PC","A","2005",9.0828227997,
"EST","WAGEGAP","SELFEMPLOYED","PC","A","2006",2.4041435719,
"EST","WAGEGAP","SELFEMPLOYED","PC","A","2007",-7.364863873,
"EST","WAGEGAP","SELFEMPLOYED","PC","A","2008",-23.14301491,
"EST","WAGEGAP","SELFEMPLOYED","PC","A","2009",-28.11709785,
"EST","WAGEGAP","SELFEMPLOYED","PC","A","2010",-30.37996864,
"EST","WAGEGAP","SELFEMPLOYED","PC","A","2011",-25.50544167,
"EST","WAGEGAP","SELFEMPLOYED","PC","A","2012",-24.27906418,
"EST","WAGEGAP","SELFEMPLOYED","PC","A","2013",-22.17424011,
"EST","WAGEGAP","SELFEMPLOYED","PC","A","2014",-25.08417702,
"EST","WAGEGAP","SELFEMPLOYED","PC","A","2015",-19.22379303,
"EST","WAGEGAP","SELFEMPLOYED","PC","A","2016",-5.487162113,
"EST","WAGEGAP","SELFEMPLOYED","PC","A","2017",1.9094766378,
"EST","WAGEGAP","SELFEMPLOYED","PC","A","2018",-15.17355156,
"EST","WAGEGAP","SELFEMPLOYED","PC","A","2019",-40.53519058,
"EST","WAGEGAP","SELFEMPLOYED","PC","A","2020",-53.28339005,
"EST","WAGEGAP","EMPLOYEE","PC","A","2002",25,
"EST","WAGEGAP","EMPLOYEE","PC","A","2006",27.86,
"EST","WAGEGAP","EMPLOYEE","PC","A","2010",27.8,
"EST","WAGEGAP","EMPLOYEE","PC","A","2014",28.34,
"EST","WAGEGAP","EMPLOYEE","PC","A","2018",22.68,
"EST","WAGEGAP","EMPLOYEE","PC","A","2019",23.17,
"EST","WAGEGAP","EMPLOYEE","PC","A","2020",19.6,
"EST","WAGEGAP","EMPLOYEE","PC","A","2021",20.43,
"ISR","WAGEGAP","EMPLOYEE","PC","A","2001",27.97,
"ISR","WAGEGAP","EMPLOYEE","PC","A","2002",24.21,
"ISR","WAGEGAP","EMPLOYEE","PC","A","2003",25.33,
"ISR","WAGEGAP","EMPLOYEE","PC","A","2004",25.01,
"ISR","WAGEGAP","EMPLOYEE","PC","A","2005",21.92,
"ISR","WAGEGAP","EMPLOYEE","PC","A","2006",21.96,
"ISR","WAGEGAP","EMPLOYEE","PC","A","2007",20.41,
"ISR","WAGEGAP","EMPLOYEE","PC","A","2008",22.06,
"ISR","WAGEGAP","EMPLOYEE","PC","A","2009",21.14,
"ISR","WAGEGAP","EMPLOYEE","PC","A","2010",20.39,
"ISR","WAGEGAP","EMPLOYEE","PC","A","2011",19.66,
"ISR","WAGEGAP","EMPLOYEE","PC","A","2012",20,
"ISR","WAGEGAP","EMPLOYEE","PC","A","2013",20.35,
"ISR","WAGEGAP","EMPLOYEE","PC","A","2014",20.11,
"ISR","WAGEGAP","EMPLOYEE","PC","A","2015",20.44,
"ISR","WAGEGAP","EMPLOYEE","PC","A","2016",21.59,
"ISR","WAGEGAP","EMPLOYEE","PC","A","2017",21.79,
"ISR","WAGEGAP","EMPLOYEE","PC","A","2018",22.66,
"ISR","WAGEGAP","EMPLOYEE","PC","A","2019",24.32,
"ISR","WAGEGAP","EMPLOYEE","PC","A","2020",21.56,
"ISR","WAGEGAP","EMPLOYEE","PC","A","2021",25.36,
"LVA","WAGEGAP","SELFEMPLOYED","PC","A","2006",17.959762573,
"LVA","WAGEGAP","SELFEMPLOYED","PC","A","2007",23.377542496,
"LVA","WAGEGAP","SELFEMPLOYED","PC","A","2008",24.936914444,
"LVA","WAGEGAP","SELFEMPLOYED","PC","A","2009",22.809833527,
"LVA","WAGEGAP","SELFEMPLOYED","PC","A","2010",19.034658432,
"LVA","WAGEGAP","SELFEMPLOYED","PC","A","2011",22.376216888,
"LVA","WAGEGAP","SELFEMPLOYED","PC","A","2012",20.561733246,
"LVA","WAGEGAP","SELFEMPLOYED","PC","A","2013",20.856889725,
"LVA","WAGEGAP","SELFEMPLOYED","PC","A","2014",18.928394318,
"LVA","WAGEGAP","SELFEMPLOYED","PC","A","2015",20.810813904,
"LVA","WAGEGAP","SELFEMPLOYED","PC","A","2016",27.070335388,
"LVA","WAGEGAP","SELFEMPLOYED","PC","A","2017",29.756341934,
"LVA","WAGEGAP","SELFEMPLOYED","PC","A","2018",32.437950134,
"LVA","WAGEGAP","SELFEMPLOYED","PC","A","2019",23.097249985,
"LVA","WAGEGAP","SELFEMPLOYED","PC","A","2020",21.804664612,
"LVA","WAGEGAP","EMPLOYEE","PC","A","2002",18.92,
"LVA","WAGEGAP","EMPLOYEE","PC","A","2006",8.47,
"LVA","WAGEGAP","EMPLOYEE","PC","A","2010",19.06,
"LVA","WAGEGAP","EMPLOYEE","PC","A","2014",21.12,
"LVA","WAGEGAP","EMPLOYEE","PC","A","2018",20.289855072,
"LVA","WAGEGAP","EMPLOYEE","PC","A","2019",19.76,
"LVA","WAGEGAP","EMPLOYEE","PC","A","2020",22.71,
"LVA","WAGEGAP","EMPLOYEE","PC","A","2021",23.95,
"LTU","WAGEGAP","SELFEMPLOYED","PC","A","2004",29.587535858,
"LTU","WAGEGAP","SELFEMPLOYED","PC","A","2005",27.732688904,
"LTU","WAGEGAP","SELFEMPLOYED","PC","A","2006",21.428005219,
"LTU","WAGEGAP","SELFEMPLOYED","PC","A","2007",16.513086319,
"LTU","WAGEGAP","SELFEMPLOYED","PC","A","2008",7.0754318237,
"LTU","WAGEGAP","SELFEMPLOYED","PC","A","2009",3.0379977226,
"LTU","WAGEGAP","SELFEMPLOYED","PC","A","2010",-3.189761877,
"LTU","WAGEGAP","SELFEMPLOYED","PC","A","2011",7.7855086327,
"LTU","WAGEGAP","SELFEMPLOYED","PC","A","2012",5.7907109261,
"LTU","WAGEGAP","SELFEMPLOYED","PC","A","2013",14.821136475,
"LTU","WAGEGAP","SELFEMPLOYED","PC","A","2014",9.5859422684,
"LTU","WAGEGAP","SELFEMPLOYED","PC","A","2015",15.536741257,
"LTU","WAGEGAP","SELFEMPLOYED","PC","A","2016",17.321352005,
"LTU","WAGEGAP","SELFEMPLOYED","PC","A","2017",29.882024765,
"LTU","WAGEGAP","SELFEMPLOYED","PC","A","2018",30.181756973,
"LTU","WAGEGAP","SELFEMPLOYED","PC","A","2019",30.11264801,
"LTU","WAGEGAP","SELFEMPLOYED","PC","A","2020",24.800579071,
"LTU","WAGEGAP","EMPLOYEE","PC","A","2002",15.08,
"LTU","WAGEGAP","EMPLOYEE","PC","A","2006",16.82,
"LTU","WAGEGAP","EMPLOYEE","PC","A","2010",10.64,
"LTU","WAGEGAP","EMPLOYEE","PC","A","2014",12.48,
"LTU","WAGEGAP","EMPLOYEE","PC","A","2018",11.69,
"LTU","WAGEGAP","EMPLOYEE","PC","A","2019",14.07,
"LTU","WAGEGAP","EMPLOYEE","PC","A","2020",9.33,
"LTU","WAGEGAP","EMPLOYEE","PC","A","2021",9.02,
"MLT","WAGEGAP","EMPLOYEE","PC","A","2002",13.56,
"MLT","WAGEGAP","EMPLOYEE","PC","A","2006",7.44,
"MLT","WAGEGAP","EMPLOYEE","PC","A","2010",7.07,
"MLT","WAGEGAP","EMPLOYEE","PC","A","2014",8.99,
"MLT","WAGEGAP","EMPLOYEE","PC","A","2018",11.09,
"ROU","WAGEGAP","EMPLOYEE","PC","A","2002",16.16,
"ROU","WAGEGAP","EMPLOYEE","PC","A","2006",8.4,
"ROU","WAGEGAP","EMPLOYEE","PC","A","2010",9.63,
"ROU","WAGEGAP","EMPLOYEE","PC","A","2014",1.55,
"ROU","WAGEGAP","EMPLOYEE","PC","A","2018",3.5,
"ROU","WAGEGAP","EMPLOYEE","PC","A","2019",5.86,
"ROU","WAGEGAP","EMPLOYEE","PC","A","2020",3.3,
"ROU","WAGEGAP","EMPLOYEE","PC","A","2021",5.76,
"SVN","WAGEGAP","SELFEMPLOYED","PC","A","2004",28.551664352,
"SVN","WAGEGAP","SELFEMPLOYED","PC","A","2005",29.831928253,
"SVN","WAGEGAP","SELFEMPLOYED","PC","A","2006",29.044483185,
"SVN","WAGEGAP","SELFEMPLOYED","PC","A","2007",28.612474442,
"SVN","WAGEGAP","SELFEMPLOYED","PC","A","2008",27.706134796,
"SVN","WAGEGAP","SELFEMPLOYED","PC","A","2009",29.536897659,
"SVN","WAGEGAP","SELFEMPLOYED","PC","A","2010",32.83020401,
"SVN","WAGEGAP","SELFEMPLOYED","PC","A","2011",33.93264389,
"SVN","WAGEGAP","SELFEMPLOYED","PC","A","2012",31.093191147,
"SVN","WAGEGAP","SELFEMPLOYED","PC","A","2013",30.999786377,
"SVN","WAGEGAP","SELFEMPLOYED","PC","A","2014",30.466659546,
"SVN","WAGEGAP","SELFEMPLOYED","PC","A","2015",32.280162811,
"SVN","WAGEGAP","SELFEMPLOYED","PC","A","2016",33.596817017,
"SVN","WAGEGAP","SELFEMPLOYED","PC","A","2017",38.735172272,
"SVN","WAGEGAP","SELFEMPLOYED","PC","A","2018",39.351200104,
"SVN","WAGEGAP","SELFEMPLOYED","PC","A","2019",28.966852188,
"SVN","WAGEGAP","SELFEMPLOYED","PC","A","2020",20.265283585,
"SVN","WAGEGAP","EMPLOYEE","PC","A","2002",9.36,
"SVN","WAGEGAP","EMPLOYEE","PC","A","2006",6.56,
"SVN","WAGEGAP","EMPLOYEE","PC","A","2010",0.99,
"SVN","WAGEGAP","EMPLOYEE","PC","A","2014",5,
"SVN","WAGEGAP","EMPLOYEE","PC","A","2018",8.19,
"OECD","WAGEGAP","EMPLOYEE","PC","A","1995",18.99,
"OECD","WAGEGAP","EMPLOYEE","PC","A","1996",19.21,
"OECD","WAGEGAP","EMPLOYEE","PC","A","1997",18.9,
"OECD","WAGEGAP","EMPLOYEE","PC","A","1998",18.73,
"OECD","WAGEGAP","EMPLOYEE","PC","A","1999",18.41,
"OECD","WAGEGAP","EMPLOYEE","PC","A","2000",18.13,
"OECD","WAGEGAP","EMPLOYEE","PC","A","2001",17.9,
"OECD","WAGEGAP","EMPLOYEE","PC","A","2002",17.7,
"OECD","WAGEGAP","EMPLOYEE","PC","A","2003",16.89,
"OECD","WAGEGAP","EMPLOYEE","PC","A","2004",16.51,
"OECD","WAGEGAP","EMPLOYEE","PC","A","2005",16.04,
"OECD","WAGEGAP","EMPLOYEE","PC","A","2006",15.73,
"OECD","WAGEGAP","EMPLOYEE","PC","A","2007",15.09,
"OECD","WAGEGAP","EMPLOYEE","PC","A","2008",15.14,
"OECD","WAGEGAP","EMPLOYEE","PC","A","2009",14.56,
"OECD","WAGEGAP","EMPLOYEE","PC","A","2010",14.0599345873501,
"OECD","WAGEGAP","EMPLOYEE","PC","A","2011",13.87,
"OECD","WAGEGAP","EMPLOYEE","PC","A","2012",13.99,
"OECD","WAGEGAP","EMPLOYEE","PC","A","2013",13.89,
"OECD","WAGEGAP","EMPLOYEE","PC","A","2014",13.78,
"OECD","WAGEGAP","EMPLOYEE","PC","A","2015",13.94,
"OECD","WAGEGAP","EMPLOYEE","PC","A","2016",13.46,
"OECD","WAGEGAP","EMPLOYEE","PC","A","2017",12.98,
"OECD","WAGEGAP","EMPLOYEE","PC","A","2018",13.03,
"OECD","WAGEGAP","EMPLOYEE","PC","A","2019",12.95,
"OECD","WAGEGAP","EMPLOYEE","PC","A","2020",11.64,
"OECD","WAGEGAP","EMPLOYEE","PC","A","2021",11.9,
"DEU","WAGEGAP","SELFEMPLOYED","PC","A","2011",45.712463379,
"DEU","WAGEGAP","SELFEMPLOYED","PC","A","2012",45.362930298,
"DEU","WAGEGAP","SELFEMPLOYED","PC","A","2013",44.766490936,
"DEU","WAGEGAP","SELFEMPLOYED","PC","A","2014",39.789039612,
"DEU","WAGEGAP","SELFEMPLOYED","PC","A","2015",34.577949524,
"DEU","WAGEGAP","SELFEMPLOYED","PC","A","2016",28.27435112,
"DEU","WAGEGAP","SELFEMPLOYED","PC","A","2017",26.871465683,
"DEU","WAGEGAP","SELFEMPLOYED","PC","A","2018",30.748420715,
"DEU","WAGEGAP","SELFEMPLOYED","PC","A","2019",29.284753799,
"DEU","WAGEGAP","SELFEMPLOYED","PC","A","2020",29.772649765,
"EU27","WAGEGAP","EMPLOYEE","PC","A","2002",16.78,
"EU27","WAGEGAP","EMPLOYEE","PC","A","2003",15.55,
"EU27","WAGEGAP","EMPLOYEE","PC","A","2004",15.08,
"EU27","WAGEGAP","EMPLOYEE","PC","A","2005",14.4,
"EU27","WAGEGAP","EMPLOYEE","PC","A","2006",13.39,
"EU27","WAGEGAP","EMPLOYEE","PC","A","2007",13.69,
"EU27","WAGEGAP","EMPLOYEE","PC","A","2008",13.29,
"EU27","WAGEGAP","EMPLOYEE","PC","A","2009",12.6898764281804,
"EU27","WAGEGAP","EMPLOYEE","PC","A","2010",12.07,
"EU27","WAGEGAP","EMPLOYEE","PC","A","2011",12.38,
"EU27","WAGEGAP","EMPLOYEE","PC","A","2012",12.54,
"EU27","WAGEGAP","EMPLOYEE","PC","A","2013",12.28,
"EU27","WAGEGAP","EMPLOYEE","PC","A","2014",10.81,
"EU27","WAGEGAP","EMPLOYEE","PC","A","2015",12.31,
"EU27","WAGEGAP","EMPLOYEE","PC","A","2016",11.85,
"EU27","WAGEGAP","EMPLOYEE","PC","A","2017",11.51,
"EU27","WAGEGAP","EMPLOYEE","PC","A","2018",10.8,
"EU27","WAGEGAP","EMPLOYEE","PC","A","2019",11.06,
"EU27","WAGEGAP","EMPLOYEE","PC","A","2020",10.24,
"EU27","WAGEGAP","EMPLOYEE","PC","A","2021",10.37,
"ARG","WAGEGAP","EMPLOYEE","PC","A","2017",7.86,
"ARG","WAGEGAP","EMPLOYEE","PC","A","2018",11.11,
"ARG","WAGEGAP","EMPLOYEE","PC","A","2019",12,
"ARG","WAGEGAP","EMPLOYEE","PC","A","2020",6.25,
"ARG","WAGEGAP","EMPLOYEE","PC","A","2021",6.25,
"BRA","WAGEGAP","EMPLOYEE","PC","A","2012",15,
"BRA","WAGEGAP","EMPLOYEE","PC","A","2013",16.36,
"BRA","WAGEGAP","EMPLOYEE","PC","A","2014",16.67,
"BRA","WAGEGAP","EMPLOYEE","PC","A","2015",15.38,
"BRA","WAGEGAP","EMPLOYEE","PC","A","2016",14.29,
"BRA","WAGEGAP","EMPLOYEE","PC","A","2017",13.33,
"BRA","WAGEGAP","EMPLOYEE","PC","A","2018",10.67,
"BRA","WAGEGAP","EMPLOYEE","PC","A","2019",6.67,
"BRA","WAGEGAP","EMPLOYEE","PC","A","2020",6.25,
"BRA","WAGEGAP","EMPLOYEE","PC","A","2021",9.09,
"BRA","WAGEGAP","EMPLOYEE","PC","A","2022",11.11,
