title,year,rating,genero,diretor,url
Fight Club,1999,8.7,Drama,David Fincher,https://www.imdb.com/title/tt0137523/?pf_rd_m=A2FGELUUNOQJNL&pf_rd_p=1a264172-ae11-42e4-8ef7-7fed1973bb8f&pf_rd_r=J2QZREJYRFS5S5TT6MW1&pf_rd_s=center-1&pf_rd_t=15506&pf_rd_i=top&ref_=chttp_tt_12
title,year,rating,genero,diretor,url
The Shawshank Redemption,1994,9.2,Drama,Frank Darabont,https://www.imdb.com/title/tt0111161/?pf_rd_m=A2FGELUUNOQJNL&pf_rd_p=1a264172-ae11-42e4-8ef7-7fed1973bb8f&pf_rd_r=J2QZREJYRFS5S5TT6MW1&pf_rd_s=center-1&pf_rd_t=15506&pf_rd_i=top&ref_=chttp_tt_1
title,year,rating,genero,diretor,url
Star Wars: Episode V - The Empire Strikes Back,1980,8.7,Action,Irvin Kershner,https://www.imdb.com/title/tt0080684/?pf_rd_m=A2FGELUUNOQJNL&pf_rd_p=1a264172-ae11-42e4-8ef7-7fed1973bb8f&pf_rd_r=J2QZREJYRFS5S5TT6MW1&pf_rd_s=center-1&pf_rd_t=15506&pf_rd_i=top&ref_=chttp_tt_15
title,year,rating,genero,diretor,url
The Lord of the Rings: The Two Towers,2002,8.7,Action,Peter Jackson,https://www.imdb.com/title/tt0167261/?pf_rd_m=A2FGELUUNOQJNL&pf_rd_p=1a264172-ae11-42e4-8ef7-7fed1973bb8f&pf_rd_r=J2QZREJYRFS5S5TT6MW1&pf_rd_s=center-1&pf_rd_t=15506&pf_rd_i=top&ref_=chttp_tt_13
title,year,rating,genero,diretor,url
The Matrix,1999,8.7,Action,Lana Wachowski,https://www.imdb.com/title/tt0133093/?pf_rd_m=A2FGELUUNOQJNL&pf_rd_p=1a264172-ae11-42e4-8ef7-7fed1973bb8f&pf_rd_r=J2QZREJYRFS5S5TT6MW1&pf_rd_s=center-1&pf_rd_t=15506&pf_rd_i=top&ref_=chttp_tt_16
title,year,rating,genero,diretor,url
"The Good, the Bad and the Ugly",1966,8.8,Adventure,Sergio Leone,https://www.imdb.com/title/tt0060196/?pf_rd_m=A2FGELUUNOQJNL&pf_rd_p=1a264172-ae11-42e4-8ef7-7fed1973bb8f&pf_rd_r=J2QZREJYRFS5S5TT6MW1&pf_rd_s=center-1&pf_rd_t=15506&pf_rd_i=top&ref_=chttp_tt_10
title,year,rating,genero,diretor,url
Inception,2010,8.7,Action,Christopher Nolan,https://www.imdb.com/title/tt1375666/?pf_rd_m=A2FGELUUNOQJNL&pf_rd_p=1a264172-ae11-42e4-8ef7-7fed1973bb8f&pf_rd_r=J2QZREJYRFS5S5TT6MW1&pf_rd_s=center-1&pf_rd_t=15506&pf_rd_i=top&ref_=chttp_tt_14
title,year,rating,genero,diretor,url
Forrest Gump,1994,8.8,Drama,Robert Zemeckis,https://www.imdb.com/title/tt0109830/?pf_rd_m=A2FGELUUNOQJNL&pf_rd_p=1a264172-ae11-42e4-8ef7-7fed1973bb8f&pf_rd_r=J2QZREJYRFS5S5TT6MW1&pf_rd_s=center-1&pf_rd_t=15506&pf_rd_i=top&ref_=chttp_tt_11
title,year,rating,genero,diretor,url
The Lord of the Rings: The Fellowship of the Ring,2001,8.8,Action,Peter Jackson,https://www.imdb.com/title/tt0120737/?pf_rd_m=A2FGELUUNOQJNL&pf_rd_p=1a264172-ae11-42e4-8ef7-7fed1973bb8f&pf_rd_r=J2QZREJYRFS5S5TT6MW1&pf_rd_s=center-1&pf_rd_t=15506&pf_rd_i=top&ref_=chttp_tt_9
title,year,rating,genero,diretor,url
The Lord of the Rings: The Return of the King,2003,8.9,Action,Peter Jackson,https://www.imdb.com/title/tt0167260/?pf_rd_m=A2FGELUUNOQJNL&pf_rd_p=1a264172-ae11-42e4-8ef7-7fed1973bb8f&pf_rd_r=J2QZREJYRFS5S5TT6MW1&pf_rd_s=center-1&pf_rd_t=15506&pf_rd_i=top&ref_=chttp_tt_7
title,year,rating,genero,diretor,url
Pulp Fiction,1994,8.8,Crime,Quentin Tarantino,https://www.imdb.com/title/tt0110912/?pf_rd_m=A2FGELUUNOQJNL&pf_rd_p=1a264172-ae11-42e4-8ef7-7fed1973bb8f&pf_rd_r=J2QZREJYRFS5S5TT6MW1&pf_rd_s=center-1&pf_rd_t=15506&pf_rd_i=top&ref_=chttp_tt_8
title,year,rating,genero,diretor,url
The Godfather Part II,1974,9.0,Crime,Francis Ford Coppola,https://www.imdb.com/title/tt0071562/?pf_rd_m=A2FGELUUNOQJNL&pf_rd_p=1a264172-ae11-42e4-8ef7-7fed1973bb8f&pf_rd_r=J2QZREJYRFS5S5TT6MW1&pf_rd_s=center-1&pf_rd_t=15506&pf_rd_i=top&ref_=chttp_tt_4
title,year,rating,genero,diretor,url
12 Angry Men,1957,9.0,Crime,Sidney Lumet,https://www.imdb.com/title/tt0050083/?pf_rd_m=A2FGELUUNOQJNL&pf_rd_p=1a264172-ae11-42e4-8ef7-7fed1973bb8f&pf_rd_r=J2QZREJYRFS5S5TT6MW1&pf_rd_s=center-1&pf_rd_t=15506&pf_rd_i=top&ref_=chttp_tt_5
title,year,rating,genero,diretor,url
The Dark Knight,2008,9.0,Action,Christopher Nolan,https://www.imdb.com/title/tt0468569/?pf_rd_m=A2FGELUUNOQJNL&pf_rd_p=1a264172-ae11-42e4-8ef7-7fed1973bb8f&pf_rd_r=J2QZREJYRFS5S5TT6MW1&pf_rd_s=center-1&pf_rd_t=15506&pf_rd_i=top&ref_=chttp_tt_3
title,year,rating,genero,diretor,url
The Godfather,1972,9.2,Crime,Francis Ford Coppola,https://www.imdb.com/title/tt0068646/?pf_rd_m=A2FGELUUNOQJNL&pf_rd_p=1a264172-ae11-42e4-8ef7-7fed1973bb8f&pf_rd_r=J2QZREJYRFS5S5TT6MW1&pf_rd_s=center-1&pf_rd_t=15506&pf_rd_i=top&ref_=chttp_tt_2
title,year,rating,genero,diretor,url
Schindler's List,1993,8.9,Biography,Steven Spielberg,https://www.imdb.com/title/tt0108052/?pf_rd_m=A2FGELUUNOQJNL&pf_rd_p=1a264172-ae11-42e4-8ef7-7fed1973bb8f&pf_rd_r=J2QZREJYRFS5S5TT6MW1&pf_rd_s=center-1&pf_rd_t=15506&pf_rd_i=top&ref_=chttp_tt_6
title,year,rating,genero,diretor,url
Dances with Wolves,1990,8.0,Adventure,Kevin Costner,https://www.imdb.com/title/tt0099348/?pf_rd_m=A2FGELUUNOQJNL&pf_rd_p=1a264172-ae11-42e4-8ef7-7fed1973bb8f&pf_rd_r=J2QZREJYRFS5S5TT6MW1&pf_rd_s=center-1&pf_rd_t=15506&pf_rd_i=top&ref_=chttp_tt_249
title,year,rating,genero,diretor,url
Aladdin,1992,8.0,Animation,Ron Clements,https://www.imdb.com/title/tt0103639/?pf_rd_m=A2FGELUUNOQJNL&pf_rd_p=1a264172-ae11-42e4-8ef7-7fed1973bb8f&pf_rd_r=J2QZREJYRFS5S5TT6MW1&pf_rd_s=center-1&pf_rd_t=15506&pf_rd_i=top&ref_=chttp_tt_248
title,year,rating,genero,diretor,url
Gandhi,1982,8.0,Biography,Richard Attenborough,https://www.imdb.com/title/tt0083987/?pf_rd_m=A2FGELUUNOQJNL&pf_rd_p=1a264172-ae11-42e4-8ef7-7fed1973bb8f&pf_rd_r=J2QZREJYRFS5S5TT6MW1&pf_rd_s=center-1&pf_rd_t=15506&pf_rd_i=top&ref_=chttp_tt_250
title,year,rating,genero,diretor,url
The Iron Giant,1999,8.0,Animation,Brad Bird,https://www.imdb.com/title/tt0129167/?pf_rd_m=A2FGELUUNOQJNL&pf_rd_p=1a264172-ae11-42e4-8ef7-7fed1973bb8f&pf_rd_r=J2QZREJYRFS5S5TT6MW1&pf_rd_s=center-1&pf_rd_t=15506&pf_rd_i=top&ref_=chttp_tt_245
title,year,rating,genero,diretor,url
The Help,2011,8.0,Drama,Tate Taylor,https://www.imdb.com/title/tt1454029/?pf_rd_m=A2FGELUUNOQJNL&pf_rd_p=1a264172-ae11-42e4-8ef7-7fed1973bb8f&pf_rd_r=J2QZREJYRFS5S5TT6MW1&pf_rd_s=center-1&pf_rd_t=15506&pf_rd_i=top&ref_=chttp_tt_246
title,year,rating,genero,diretor,url
Life of Brian,1979,8.0,Comedy,Terry Jones,https://www.imdb.com/title/tt0079470/?pf_rd_m=A2FGELUUNOQJNL&pf_rd_p=1a264172-ae11-42e4-8ef7-7fed1973bb8f&pf_rd_r=J2QZREJYRFS5S5TT6MW1&pf_rd_s=center-1&pf_rd_t=15506&pf_rd_i=top&ref_=chttp_tt_244
title,year,rating,genero,diretor,url
Persona,1966,8.0,Drama,Ingmar Bergman,https://www.imdb.com/title/tt0060827/?pf_rd_m=A2FGELUUNOQJNL&pf_rd_p=1a264172-ae11-42e4-8ef7-7fed1973bb8f&pf_rd_r=J2QZREJYRFS5S5TT6MW1&pf_rd_s=center-1&pf_rd_t=15506&pf_rd_i=top&ref_=chttp_tt_243
title,year,rating,genero,diretor,url
Dersu Uzala,1975,8.0,Adventure,Akira Kurosawa,https://www.imdb.com/title/tt0071411/?pf_rd_m=A2FGELUUNOQJNL&pf_rd_p=1a264172-ae11-42e4-8ef7-7fed1973bb8f&pf_rd_r=J2QZREJYRFS5S5TT6MW1&pf_rd_s=center-1&pf_rd_t=15506&pf_rd_i=top&ref_=chttp_tt_247
title,year,rating,genero,diretor,url
It Happened One Night,1934,8.0,Comedy,Frank Capra,https://www.imdb.com/title/tt0025316/?pf_rd_m=A2FGELUUNOQJNL&pf_rd_p=1a264172-ae11-42e4-8ef7-7fed1973bb8f&pf_rd_r=J2QZREJYRFS5S5TT6MW1&pf_rd_s=center-1&pf_rd_t=15506&pf_rd_i=top&ref_=chttp_tt_242
title,year,rating,genero,diretor,url
The Sound of Music,1965,8.0,Biography,Robert Wise,https://www.imdb.com/title/tt0059742/?pf_rd_m=A2FGELUUNOQJNL&pf_rd_p=1a264172-ae11-42e4-8ef7-7fed1973bb8f&pf_rd_r=J2QZREJYRFS5S5TT6MW1&pf_rd_s=center-1&pf_rd_t=15506&pf_rd_i=top&ref_=chttp_tt_241
title,year,rating,genero,diretor,url
The 400 Blows,1959,8.0,Crime,François Truffaut,https://www.imdb.com/title/tt0053198/?pf_rd_m=A2FGELUUNOQJNL&pf_rd_p=1a264172-ae11-42e4-8ef7-7fed1973bb8f&pf_rd_r=J2QZREJYRFS5S5TT6MW1&pf_rd_s=center-1&pf_rd_t=15506&pf_rd_i=top&ref_=chttp_tt_240
title,year,rating,genero,diretor,url
The Handmaiden,2016,8.0,Drama,Park Chan-wook,https://www.imdb.com/title/tt4016934/?pf_rd_m=A2FGELUUNOQJNL&pf_rd_p=1a264172-ae11-42e4-8ef7-7fed1973bb8f&pf_rd_r=J2QZREJYRFS5S5TT6MW1&pf_rd_s=center-1&pf_rd_t=15506&pf_rd_i=top&ref_=chttp_tt_239
title,year,rating,genero,diretor,url
Rebecca,1940,8.0,Drama,Alfred Hitchcock,https://www.imdb.com/title/tt0032976/?pf_rd_m=A2FGELUUNOQJNL&pf_rd_p=1a264172-ae11-42e4-8ef7-7fed1973bb8f&pf_rd_r=J2QZREJYRFS5S5TT6MW1&pf_rd_s=center-1&pf_rd_t=15506&pf_rd_i=top&ref_=chttp_tt_237
title,year,rating,genero,diretor,url
Amores Perros,2000,8.0,Drama,Alejandro G. Iñárritu,https://www.imdb.com/title/tt0245712/?pf_rd_m=A2FGELUUNOQJNL&pf_rd_p=1a264172-ae11-42e4-8ef7-7fed1973bb8f&pf_rd_r=J2QZREJYRFS5S5TT6MW1&pf_rd_s=center-1&pf_rd_t=15506&pf_rd_i=top&ref_=chttp_tt_236
title,year,rating,genero,diretor,url
Cool Hand Luke,1967,8.0,Crime,Stuart Rosenberg,https://www.imdb.com/title/tt0061512/?pf_rd_m=A2FGELUUNOQJNL&pf_rd_p=1a264172-ae11-42e4-8ef7-7fed1973bb8f&pf_rd_r=J2QZREJYRFS5S5TT6MW1&pf_rd_s=center-1&pf_rd_t=15506&pf_rd_i=top&ref_=chttp_tt_238
title,year,rating,genero,diretor,url
Jai Bhim,2021,8.0,Crime,T.J. Gnanavel,https://www.imdb.com/title/tt15097216/?pf_rd_m=A2FGELUUNOQJNL&pf_rd_p=1a264172-ae11-42e4-8ef7-7fed1973bb8f&pf_rd_r=J2QZREJYRFS5S5TT6MW1&pf_rd_s=center-1&pf_rd_t=15506&pf_rd_i=top&ref_=chttp_tt_231
title,year,rating,genero,diretor,url
Hachi: A Dog's Tale,2009,8.0,Biography,Lasse Hallström,https://www.imdb.com/title/tt1028532/?pf_rd_m=A2FGELUUNOQJNL&pf_rd_p=1a264172-ae11-42e4-8ef7-7fed1973bb8f&pf_rd_r=J2QZREJYRFS5S5TT6MW1&pf_rd_s=center-1&pf_rd_t=15506&pf_rd_i=top&ref_=chttp_tt_233
title,year,rating,genero,diretor,url
My Father and My Son,2005,8.0,Drama,Çagan Irmak,https://www.imdb.com/title/tt0476735/?pf_rd_m=A2FGELUUNOQJNL&pf_rd_p=1a264172-ae11-42e4-8ef7-7fed1973bb8f&pf_rd_r=J2QZREJYRFS5S5TT6MW1&pf_rd_s=center-1&pf_rd_t=15506&pf_rd_i=top&ref_=chttp_tt_235
title,year,rating,genero,diretor,url
La haine,1995,8.0,Crime,Mathieu Kassovitz,https://www.imdb.com/title/tt0113247/?pf_rd_m=A2FGELUUNOQJNL&pf_rd_p=1a264172-ae11-42e4-8ef7-7fed1973bb8f&pf_rd_r=J2QZREJYRFS5S5TT6MW1&pf_rd_s=center-1&pf_rd_t=15506&pf_rd_i=top&ref_=chttp_tt_229
title,year,rating,genero,diretor,url
The Grapes of Wrath,1940,8.0,Drama,John Ford,https://www.imdb.com/title/tt0032551/?pf_rd_m=A2FGELUUNOQJNL&pf_rd_p=1a264172-ae11-42e4-8ef7-7fed1973bb8f&pf_rd_r=J2QZREJYRFS5S5TT6MW1&pf_rd_s=center-1&pf_rd_t=15506&pf_rd_i=top&ref_=chttp_tt_232
title,year,rating,genero,diretor,url
Pirates of the Caribbean: The Curse of the Black Pearl,2003,8.0,Action,Gore Verbinski,https://www.imdb.com/title/tt0325980/?pf_rd_m=A2FGELUUNOQJNL&pf_rd_p=1a264172-ae11-42e4-8ef7-7fed1973bb8f&pf_rd_r=J2QZREJYRFS5S5TT6MW1&pf_rd_s=center-1&pf_rd_t=15506&pf_rd_i=top&ref_=chttp_tt_230
title,year,rating,genero,diretor,url
To Be or Not to Be,1942,8.0,Comedy,Ernst Lubitsch,https://www.imdb.com/title/tt0035446/?pf_rd_m=A2FGELUUNOQJNL&pf_rd_p=1a264172-ae11-42e4-8ef7-7fed1973bb8f&pf_rd_r=J2QZREJYRFS5S5TT6MW1&pf_rd_s=center-1&pf_rd_t=15506&pf_rd_i=top&ref_=chttp_tt_228
title,year,rating,genero,diretor,url
The Battle of Algiers,1966,8.0,Drama,Gillo Pontecorvo,https://www.imdb.com/title/tt0058946/?pf_rd_m=A2FGELUUNOQJNL&pf_rd_p=1a264172-ae11-42e4-8ef7-7fed1973bb8f&pf_rd_r=J2QZREJYRFS5S5TT6MW1&pf_rd_s=center-1&pf_rd_t=15506&pf_rd_i=top&ref_=chttp_tt_234
title,year,rating,genero,diretor,url
The Exorcist,1973,8.0,Horror,William Friedkin,https://www.imdb.com/title/tt0070047/?pf_rd_m=A2FGELUUNOQJNL&pf_rd_p=1a264172-ae11-42e4-8ef7-7fed1973bb8f&pf_rd_r=J2QZREJYRFS5S5TT6MW1&pf_rd_s=center-1&pf_rd_t=15506&pf_rd_i=top&ref_=chttp_tt_225
title,year,rating,genero,diretor,url
Pather Panchali,1955,8.0,Drama,Satyajit Ray,https://www.imdb.com/title/tt0048473/?pf_rd_m=A2FGELUUNOQJNL&pf_rd_p=1a264172-ae11-42e4-8ef7-7fed1973bb8f&pf_rd_r=J2QZREJYRFS5S5TT6MW1&pf_rd_s=center-1&pf_rd_t=15506&pf_rd_i=top&ref_=chttp_tt_226
title,year,rating,genero,diretor,url
The Incredibles,2004,8.0,Animation,Brad Bird,https://www.imdb.com/title/tt0317705/?pf_rd_m=A2FGELUUNOQJNL&pf_rd_p=1a264172-ae11-42e4-8ef7-7fed1973bb8f&pf_rd_r=J2QZREJYRFS5S5TT6MW1&pf_rd_s=center-1&pf_rd_t=15506&pf_rd_i=top&ref_=chttp_tt_227
title,year,rating,genero,diretor,url
The Best Years of Our Lives,1946,8.0,Drama,William Wyler,https://www.imdb.com/title/tt0036868/?pf_rd_m=A2FGELUUNOQJNL&pf_rd_p=1a264172-ae11-42e4-8ef7-7fed1973bb8f&pf_rd_r=J2QZREJYRFS5S5TT6MW1&pf_rd_s=center-1&pf_rd_t=15506&pf_rd_i=top&ref_=chttp_tt_223
title,year,rating,genero,diretor,url
Groundhog Day,1993,8.0,Comedy,Harold Ramis,https://www.imdb.com/title/tt0107048/?pf_rd_m=A2FGELUUNOQJNL&pf_rd_p=1a264172-ae11-42e4-8ef7-7fed1973bb8f&pf_rd_r=J2QZREJYRFS5S5TT6MW1&pf_rd_s=center-1&pf_rd_t=15506&pf_rd_i=top&ref_=chttp_tt_224
title,year,rating,genero,diretor,url
The Wizard of Oz,1939,8.0,Adventure,Victor Fleming,https://www.imdb.com/title/tt0032138/?pf_rd_m=A2FGELUUNOQJNL&pf_rd_p=1a264172-ae11-42e4-8ef7-7fed1973bb8f&pf_rd_r=J2QZREJYRFS5S5TT6MW1&pf_rd_s=center-1&pf_rd_t=15506&pf_rd_i=top&ref_=chttp_tt_222
title,year,rating,genero,diretor,url
Into the Wild,2007,8.0,Adventure,Sean Penn,https://www.imdb.com/title/tt0758758/?pf_rd_m=A2FGELUUNOQJNL&pf_rd_p=1a264172-ae11-42e4-8ef7-7fed1973bb8f&pf_rd_r=J2QZREJYRFS5S5TT6MW1&pf_rd_s=center-1&pf_rd_t=15506&pf_rd_i=top&ref_=chttp_tt_221
title,year,rating,genero,diretor,url
Before Sunset,2004,8.0,Drama,Richard Linklater,https://www.imdb.com/title/tt0381681/?pf_rd_m=A2FGELUUNOQJNL&pf_rd_p=1a264172-ae11-42e4-8ef7-7fed1973bb8f&pf_rd_r=J2QZREJYRFS5S5TT6MW1&pf_rd_s=center-1&pf_rd_t=15506&pf_rd_i=top&ref_=chttp_tt_220
title,year,rating,genero,diretor,url
Network,1976,8.0,Drama,Sidney Lumet,https://www.imdb.com/title/tt0074958/?pf_rd_m=A2FGELUUNOQJNL&pf_rd_p=1a264172-ae11-42e4-8ef7-7fed1973bb8f&pf_rd_r=J2QZREJYRFS5S5TT6MW1&pf_rd_s=center-1&pf_rd_t=15506&pf_rd_i=top&ref_=chttp_tt_219
title,year,rating,genero,diretor,url
Rush,2013,8.0,Action,Ron Howard,https://www.imdb.com/title/tt1979320/?pf_rd_m=A2FGELUUNOQJNL&pf_rd_p=1a264172-ae11-42e4-8ef7-7fed1973bb8f&pf_rd_r=J2QZREJYRFS5S5TT6MW1&pf_rd_s=center-1&pf_rd_t=15506&pf_rd_i=top&ref_=chttp_tt_218
title,year,rating,genero,diretor,url
Stand by Me,1986,8.0,Adventure,Rob Reiner,https://www.imdb.com/title/tt0092005/?pf_rd_m=A2FGELUUNOQJNL&pf_rd_p=1a264172-ae11-42e4-8ef7-7fed1973bb8f&pf_rd_r=J2QZREJYRFS5S5TT6MW1&pf_rd_s=center-1&pf_rd_t=15506&pf_rd_i=top&ref_=chttp_tt_217
title,year,rating,genero,diretor,url
Logan,2017,8.0,Action,James Mangold,https://www.imdb.com/title/tt3315342/?pf_rd_m=A2FGELUUNOQJNL&pf_rd_p=1a264172-ae11-42e4-8ef7-7fed1973bb8f&pf_rd_r=J2QZREJYRFS5S5TT6MW1&pf_rd_s=center-1&pf_rd_t=15506&pf_rd_i=top&ref_=chttp_tt_215
title,year,rating,genero,diretor,url
Spotlight,2015,8.0,Biography,Tom McCarthy,https://www.imdb.com/title/tt1895587/?pf_rd_m=A2FGELUUNOQJNL&pf_rd_p=1a264172-ae11-42e4-8ef7-7fed1973bb8f&pf_rd_r=J2QZREJYRFS5S5TT6MW1&pf_rd_s=center-1&pf_rd_t=15506&pf_rd_i=top&ref_=chttp_tt_214
title,year,rating,genero,diretor,url
The Terminator,1984,8.0,Action,James Cameron,https://www.imdb.com/title/tt0088247/?pf_rd_m=A2FGELUUNOQJNL&pf_rd_p=1a264172-ae11-42e4-8ef7-7fed1973bb8f&pf_rd_r=J2QZREJYRFS5S5TT6MW1&pf_rd_s=center-1&pf_rd_t=15506&pf_rd_i=top&ref_=chttp_tt_216
title,year,rating,genero,diretor,url
Platoon,1986,8.0,Drama,Oliver Stone,https://www.imdb.com/title/tt0091763/?pf_rd_m=A2FGELUUNOQJNL&pf_rd_p=1a264172-ae11-42e4-8ef7-7fed1973bb8f&pf_rd_r=J2QZREJYRFS5S5TT6MW1&pf_rd_s=center-1&pf_rd_t=15506&pf_rd_i=top&ref_=chttp_tt_212
title,year,rating,genero,diretor,url
Ratatouille,2007,8.0,Animation,Brad Bird,https://www.imdb.com/title/tt0382932/?pf_rd_m=A2FGELUUNOQJNL&pf_rd_p=1a264172-ae11-42e4-8ef7-7fed1973bb8f&pf_rd_r=J2QZREJYRFS5S5TT6MW1&pf_rd_s=center-1&pf_rd_t=15506&pf_rd_i=top&ref_=chttp_tt_213
title,year,rating,genero,diretor,url
Rocky,1976,8.0,Drama,John G. Avildsen,https://www.imdb.com/title/tt0075148/?pf_rd_m=A2FGELUUNOQJNL&pf_rd_p=1a264172-ae11-42e4-8ef7-7fed1973bb8f&pf_rd_r=J2QZREJYRFS5S5TT6MW1&pf_rd_s=center-1&pf_rd_t=15506&pf_rd_i=top&ref_=chttp_tt_211
title,year,rating,genero,diretor,url
Ford v Ferrari,2019,8.0,Action,James Mangold,https://www.imdb.com/title/tt1950186/?pf_rd_m=A2FGELUUNOQJNL&pf_rd_p=1a264172-ae11-42e4-8ef7-7fed1973bb8f&pf_rd_r=J2QZREJYRFS5S5TT6MW1&pf_rd_s=center-1&pf_rd_t=15506&pf_rd_i=top&ref_=chttp_tt_209
title,year,rating,genero,diretor,url
Hotel Rwanda,2004,8.0,Biography,Terry George,https://www.imdb.com/title/tt0395169/?pf_rd_m=A2FGELUUNOQJNL&pf_rd_p=1a264172-ae11-42e4-8ef7-7fed1973bb8f&pf_rd_r=J2QZREJYRFS5S5TT6MW1&pf_rd_s=center-1&pf_rd_t=15506&pf_rd_i=top&ref_=chttp_tt_210
title,year,rating,genero,diretor,url
Tokyo Story,1953,8.1,Drama,Yasujirô Ozu,https://www.imdb.com/title/tt0046438/?pf_rd_m=A2FGELUUNOQJNL&pf_rd_p=1a264172-ae11-42e4-8ef7-7fed1973bb8f&pf_rd_r=J2QZREJYRFS5S5TT6MW1&pf_rd_s=center-1&pf_rd_t=15506&pf_rd_i=top&ref_=chttp_tt_207
title,year,rating,genero,diretor,url
The Passion of Joan of Arc,1928,8.1,Biography,Carl Theodor Dreyer,https://www.imdb.com/title/tt0019254/?pf_rd_m=A2FGELUUNOQJNL&pf_rd_p=1a264172-ae11-42e4-8ef7-7fed1973bb8f&pf_rd_r=J2QZREJYRFS5S5TT6MW1&pf_rd_s=center-1&pf_rd_t=15506&pf_rd_i=top&ref_=chttp_tt_208
title,year,rating,genero,diretor,url
Room,2015,8.1,Drama,Lenny Abrahamson,https://www.imdb.com/title/tt3170832/?pf_rd_m=A2FGELUUNOQJNL&pf_rd_p=1a264172-ae11-42e4-8ef7-7fed1973bb8f&pf_rd_r=J2QZREJYRFS5S5TT6MW1&pf_rd_s=center-1&pf_rd_t=15506&pf_rd_i=top&ref_=chttp_tt_205
title,year,rating,genero,diretor,url
The Big Lebowski,1998,8.1,Comedy,Joel Coen,https://www.imdb.com/title/tt0118715/?pf_rd_m=A2FGELUUNOQJNL&pf_rd_p=1a264172-ae11-42e4-8ef7-7fed1973bb8f&pf_rd_r=J2QZREJYRFS5S5TT6MW1&pf_rd_s=center-1&pf_rd_t=15506&pf_rd_i=top&ref_=chttp_tt_206
title,year,rating,genero,diretor,url
Dead Poets Society,1989,8.1,Comedy,Peter Weir,https://www.imdb.com/title/tt0097165/?pf_rd_m=A2FGELUUNOQJNL&pf_rd_p=1a264172-ae11-42e4-8ef7-7fed1973bb8f&pf_rd_r=J2QZREJYRFS5S5TT6MW1&pf_rd_s=center-1&pf_rd_t=15506&pf_rd_i=top&ref_=chttp_tt_204
title,year,rating,genero,diretor,url
Jaws,1975,8.1,Adventure,Steven Spielberg,https://www.imdb.com/title/tt0073195/?pf_rd_m=A2FGELUUNOQJNL&pf_rd_p=1a264172-ae11-42e4-8ef7-7fed1973bb8f&pf_rd_r=J2QZREJYRFS5S5TT6MW1&pf_rd_s=center-1&pf_rd_t=15506&pf_rd_i=top&ref_=chttp_tt_203
title,year,rating,genero,diretor,url
"Monsters, Inc.",2001,8.1,Animation,Pete Docter,https://www.imdb.com/title/tt0198781/?pf_rd_m=A2FGELUUNOQJNL&pf_rd_p=1a264172-ae11-42e4-8ef7-7fed1973bb8f&pf_rd_r=J2QZREJYRFS5S5TT6MW1&pf_rd_s=center-1&pf_rd_t=15506&pf_rd_i=top&ref_=chttp_tt_202
title,year,rating,genero,diretor,url
How to Train Your Dragon,2010,8.1,Animation,Dean DeBlois,https://www.imdb.com/title/tt0892769/?pf_rd_m=A2FGELUUNOQJNL&pf_rd_p=1a264172-ae11-42e4-8ef7-7fed1973bb8f&pf_rd_r=J2QZREJYRFS5S5TT6MW1&pf_rd_s=center-1&pf_rd_t=15506&pf_rd_i=top&ref_=chttp_tt_201
title,year,rating,genero,diretor,url
The Seventh Seal,1957,8.1,Drama,Ingmar Bergman,https://www.imdb.com/title/tt0050976/?pf_rd_m=A2FGELUUNOQJNL&pf_rd_p=1a264172-ae11-42e4-8ef7-7fed1973bb8f&pf_rd_r=J2QZREJYRFS5S5TT6MW1&pf_rd_s=center-1&pf_rd_t=15506&pf_rd_i=top&ref_=chttp_tt_200
title,year,rating,genero,diretor,url
Mad Max: Fury Road,2015,8.1,Action,George Miller,https://www.imdb.com/title/tt1392190/?pf_rd_m=A2FGELUUNOQJNL&pf_rd_p=1a264172-ae11-42e4-8ef7-7fed1973bb8f&pf_rd_r=J2QZREJYRFS5S5TT6MW1&pf_rd_s=center-1&pf_rd_t=15506&pf_rd_i=top&ref_=chttp_tt_198
title,year,rating,genero,diretor,url
Mary and Max,2009,8.1,Animation,Adam Elliot,https://www.imdb.com/title/tt0978762/?pf_rd_m=A2FGELUUNOQJNL&pf_rd_p=1a264172-ae11-42e4-8ef7-7fed1973bb8f&pf_rd_r=J2QZREJYRFS5S5TT6MW1&pf_rd_s=center-1&pf_rd_t=15506&pf_rd_i=top&ref_=chttp_tt_199
title,year,rating,genero,diretor,url
Mr. Smith Goes to Washington,1939,8.1,Comedy,Frank Capra,https://www.imdb.com/title/tt0031679/?pf_rd_m=A2FGELUUNOQJNL&pf_rd_p=1a264172-ae11-42e4-8ef7-7fed1973bb8f&pf_rd_r=J2QZREJYRFS5S5TT6MW1&pf_rd_s=center-1&pf_rd_t=15506&pf_rd_i=top&ref_=chttp_tt_197
title,year,rating,genero,diretor,url
Wild Tales,2014,8.1,Comedy,Damián Szifron,https://www.imdb.com/title/tt3011894/?pf_rd_m=A2FGELUUNOQJNL&pf_rd_p=1a264172-ae11-42e4-8ef7-7fed1973bb8f&pf_rd_r=J2QZREJYRFS5S5TT6MW1&pf_rd_s=center-1&pf_rd_t=15506&pf_rd_i=top&ref_=chttp_tt_196
title,year,rating,genero,diretor,url
Sherlock Jr.,1924,8.1,Action,Buster Keaton,https://www.imdb.com/title/tt0015324/?pf_rd_m=A2FGELUUNOQJNL&pf_rd_p=1a264172-ae11-42e4-8ef7-7fed1973bb8f&pf_rd_r=J2QZREJYRFS5S5TT6MW1&pf_rd_s=center-1&pf_rd_t=15506&pf_rd_i=top&ref_=chttp_tt_195
title,year,rating,genero,diretor,url
Memories of Murder,2003,8.1,Crime,Bong Joon Ho,https://www.imdb.com/title/tt0353969/?pf_rd_m=A2FGELUUNOQJNL&pf_rd_p=1a264172-ae11-42e4-8ef7-7fed1973bb8f&pf_rd_r=J2QZREJYRFS5S5TT6MW1&pf_rd_s=center-1&pf_rd_t=15506&pf_rd_i=top&ref_=chttp_tt_194
title,year,rating,genero,diretor,url
The Wages of Fear,1953,8.1,Adventure,Henri-Georges Clouzot,https://www.imdb.com/title/tt0046268/?pf_rd_m=A2FGELUUNOQJNL&pf_rd_p=1a264172-ae11-42e4-8ef7-7fed1973bb8f&pf_rd_r=J2QZREJYRFS5S5TT6MW1&pf_rd_s=center-1&pf_rd_t=15506&pf_rd_i=top&ref_=chttp_tt_193
title,year,rating,genero,diretor,url
The Deer Hunter,1978,8.1,Drama,Michael Cimino,https://www.imdb.com/title/tt0077416/?pf_rd_m=A2FGELUUNOQJNL&pf_rd_p=1a264172-ae11-42e4-8ef7-7fed1973bb8f&pf_rd_r=J2QZREJYRFS5S5TT6MW1&pf_rd_s=center-1&pf_rd_t=15506&pf_rd_i=top&ref_=chttp_tt_191
title,year,rating,genero,diretor,url
Hacksaw Ridge,2016,8.1,Biography,Mel Gibson,https://www.imdb.com/title/tt2119532/?pf_rd_m=A2FGELUUNOQJNL&pf_rd_p=1a264172-ae11-42e4-8ef7-7fed1973bb8f&pf_rd_r=J2QZREJYRFS5S5TT6MW1&pf_rd_s=center-1&pf_rd_t=15506&pf_rd_i=top&ref_=chttp_tt_192
title,year,rating,genero,diretor,url
The Third Man,1949,8.1,Film-Noir,Carol Reed,https://www.imdb.com/title/tt0041959/?pf_rd_m=A2FGELUUNOQJNL&pf_rd_p=1a264172-ae11-42e4-8ef7-7fed1973bb8f&pf_rd_r=J2QZREJYRFS5S5TT6MW1&pf_rd_s=center-1&pf_rd_t=15506&pf_rd_i=top&ref_=chttp_tt_190
title,year,rating,genero,diretor,url
Barry Lyndon,1975,8.1,Adventure,Stanley Kubrick,https://www.imdb.com/title/tt0072684/?pf_rd_m=A2FGELUUNOQJNL&pf_rd_p=1a264172-ae11-42e4-8ef7-7fed1973bb8f&pf_rd_r=J2QZREJYRFS5S5TT6MW1&pf_rd_s=center-1&pf_rd_t=15506&pf_rd_i=top&ref_=chttp_tt_188
title,year,rating,genero,diretor,url
Wild Strawberries,1957,8.1,Drama,Ingmar Bergman,https://www.imdb.com/title/tt0050986/?pf_rd_m=A2FGELUUNOQJNL&pf_rd_p=1a264172-ae11-42e4-8ef7-7fed1973bb8f&pf_rd_r=J2QZREJYRFS5S5TT6MW1&pf_rd_s=center-1&pf_rd_t=15506&pf_rd_i=top&ref_=chttp_tt_186
title,year,rating,genero,diretor,url
The General,1926,8.1,Action,Clyde Bruckman,https://www.imdb.com/title/tt0017925/?pf_rd_m=A2FGELUUNOQJNL&pf_rd_p=1a264172-ae11-42e4-8ef7-7fed1973bb8f&pf_rd_r=J2QZREJYRFS5S5TT6MW1&pf_rd_s=center-1&pf_rd_t=15506&pf_rd_i=top&ref_=chttp_tt_187
title,year,rating,genero,diretor,url
Gone Girl,2014,8.1,Drama,David Fincher,https://www.imdb.com/title/tt2267998/?pf_rd_m=A2FGELUUNOQJNL&pf_rd_p=1a264172-ae11-42e4-8ef7-7fed1973bb8f&pf_rd_r=J2QZREJYRFS5S5TT6MW1&pf_rd_s=center-1&pf_rd_t=15506&pf_rd_i=top&ref_=chttp_tt_185
title,year,rating,genero,diretor,url
The Grand Budapest Hotel,2014,8.1,Adventure,Wes Anderson,https://www.imdb.com/title/tt2278388/?pf_rd_m=A2FGELUUNOQJNL&pf_rd_p=1a264172-ae11-42e4-8ef7-7fed1973bb8f&pf_rd_r=J2QZREJYRFS5S5TT6MW1&pf_rd_s=center-1&pf_rd_t=15506&pf_rd_i=top&ref_=chttp_tt_184
title,year,rating,genero,diretor,url
In the Name of the Father,1993,8.1,Biography,Jim Sheridan,https://www.imdb.com/title/tt0107207/?pf_rd_m=A2FGELUUNOQJNL&pf_rd_p=1a264172-ae11-42e4-8ef7-7fed1973bb8f&pf_rd_r=J2QZREJYRFS5S5TT6MW1&pf_rd_s=center-1&pf_rd_t=15506&pf_rd_i=top&ref_=chttp_tt_189
title,year,rating,genero,diretor,url
Ben-Hur,1959,8.1,Adventure,William Wyler,https://www.imdb.com/title/tt0052618/?pf_rd_m=A2FGELUUNOQJNL&pf_rd_p=1a264172-ae11-42e4-8ef7-7fed1973bb8f&pf_rd_r=J2QZREJYRFS5S5TT6MW1&pf_rd_s=center-1&pf_rd_t=15506&pf_rd_i=top&ref_=chttp_tt_183
title,year,rating,genero,diretor,url
On the Waterfront,1954,8.1,Crime,Elia Kazan,https://www.imdb.com/title/tt0047296/?pf_rd_m=A2FGELUUNOQJNL&pf_rd_p=1a264172-ae11-42e4-8ef7-7fed1973bb8f&pf_rd_r=J2QZREJYRFS5S5TT6MW1&pf_rd_s=center-1&pf_rd_t=15506&pf_rd_i=top&ref_=chttp_tt_182
title,year,rating,genero,diretor,url
Harry Potter and the Deathly Hallows: Part 2,2011,8.1,Adventure,David Yates,https://www.imdb.com/title/tt1201607/?pf_rd_m=A2FGELUUNOQJNL&pf_rd_p=1a264172-ae11-42e4-8ef7-7fed1973bb8f&pf_rd_r=J2QZREJYRFS5S5TT6MW1&pf_rd_s=center-1&pf_rd_t=15506&pf_rd_i=top&ref_=chttp_tt_179
title,year,rating,genero,diretor,url
12 Years a Slave,2013,8.1,Biography,Steve McQueen,https://www.imdb.com/title/tt2024544/?pf_rd_m=A2FGELUUNOQJNL&pf_rd_p=1a264172-ae11-42e4-8ef7-7fed1973bb8f&pf_rd_r=J2QZREJYRFS5S5TT6MW1&pf_rd_s=center-1&pf_rd_t=15506&pf_rd_i=top&ref_=chttp_tt_181
title,year,rating,genero,diretor,url
Before Sunrise,1995,8.1,Drama,Richard Linklater,https://www.imdb.com/title/tt0112471/?pf_rd_m=A2FGELUUNOQJNL&pf_rd_p=1a264172-ae11-42e4-8ef7-7fed1973bb8f&pf_rd_r=J2QZREJYRFS5S5TT6MW1&pf_rd_s=center-1&pf_rd_t=15506&pf_rd_i=top&ref_=chttp_tt_180
title,year,rating,genero,diretor,url
Klaus,2019,8.1,Animation,Sergio Pablos,https://www.imdb.com/title/tt4729430/?pf_rd_m=A2FGELUUNOQJNL&pf_rd_p=1a264172-ae11-42e4-8ef7-7fed1973bb8f&pf_rd_r=J2QZREJYRFS5S5TT6MW1&pf_rd_s=center-1&pf_rd_t=15506&pf_rd_i=top&ref_=chttp_tt_178
title,year,rating,genero,diretor,url
The Gold Rush,1925,8.1,Adventure,Charles Chaplin,https://www.imdb.com/title/tt0015864/?pf_rd_m=A2FGELUUNOQJNL&pf_rd_p=1a264172-ae11-42e4-8ef7-7fed1973bb8f&pf_rd_r=J2QZREJYRFS5S5TT6MW1&pf_rd_s=center-1&pf_rd_t=15506&pf_rd_i=top&ref_=chttp_tt_177
title,year,rating,genero,diretor,url
Blade Runner,1982,8.1,Action,Ridley Scott,https://www.imdb.com/title/tt0083658/?pf_rd_m=A2FGELUUNOQJNL&pf_rd_p=1a264172-ae11-42e4-8ef7-7fed1973bb8f&pf_rd_r=J2QZREJYRFS5S5TT6MW1&pf_rd_s=center-1&pf_rd_t=15506&pf_rd_i=top&ref_=chttp_tt_176
title,year,rating,genero,diretor,url
Million Dollar Baby,2004,8.1,Drama,Clint Eastwood,https://www.imdb.com/title/tt0405159/?pf_rd_m=A2FGELUUNOQJNL&pf_rd_p=1a264172-ae11-42e4-8ef7-7fed1973bb8f&pf_rd_r=J2QZREJYRFS5S5TT6MW1&pf_rd_s=center-1&pf_rd_t=15506&pf_rd_i=top&ref_=chttp_tt_174
title,year,rating,genero,diretor,url
Children of Heaven,1997,8.1,Drama,Majid Majidi,https://www.imdb.com/title/tt0118849/?pf_rd_m=A2FGELUUNOQJNL&pf_rd_p=1a264172-ae11-42e4-8ef7-7fed1973bb8f&pf_rd_r=J2QZREJYRFS5S5TT6MW1&pf_rd_s=center-1&pf_rd_t=15506&pf_rd_i=top&ref_=chttp_tt_175
title,year,rating,genero,diretor,url
My Neighbor Totoro,1988,8.1,Animation,Hayao Miyazaki,https://www.imdb.com/title/tt0096283/?pf_rd_m=A2FGELUUNOQJNL&pf_rd_p=1a264172-ae11-42e4-8ef7-7fed1973bb8f&pf_rd_r=J2QZREJYRFS5S5TT6MW1&pf_rd_s=center-1&pf_rd_t=15506&pf_rd_i=top&ref_=chttp_tt_172
title,year,rating,genero,diretor,url
Gran Torino,2008,8.1,Drama,Clint Eastwood,https://www.imdb.com/title/tt1205489/?pf_rd_m=A2FGELUUNOQJNL&pf_rd_p=1a264172-ae11-42e4-8ef7-7fed1973bb8f&pf_rd_r=J2QZREJYRFS5S5TT6MW1&pf_rd_s=center-1&pf_rd_t=15506&pf_rd_i=top&ref_=chttp_tt_171
title,year,rating,genero,diretor,url
Catch Me If You Can,2002,8.1,Biography,Steven Spielberg,https://www.imdb.com/title/tt0264464/?pf_rd_m=A2FGELUUNOQJNL&pf_rd_p=1a264172-ae11-42e4-8ef7-7fed1973bb8f&pf_rd_r=J2QZREJYRFS5S5TT6MW1&pf_rd_s=center-1&pf_rd_t=15506&pf_rd_i=top&ref_=chttp_tt_173
title,year,rating,genero,diretor,url
Fargo,1996,8.1,Crime,Joel Coen,https://www.imdb.com/title/tt0116282/?pf_rd_m=A2FGELUUNOQJNL&pf_rd_p=1a264172-ae11-42e4-8ef7-7fed1973bb8f&pf_rd_r=J2QZREJYRFS5S5TT6MW1&pf_rd_s=center-1&pf_rd_t=15506&pf_rd_i=top&ref_=chttp_tt_170
title,year,rating,genero,diretor,url
Warrior,2011,8.1,Action,Gavin O'Connor,https://www.imdb.com/title/tt1291584/?pf_rd_m=A2FGELUUNOQJNL&pf_rd_p=1a264172-ae11-42e4-8ef7-7fed1973bb8f&pf_rd_r=J2QZREJYRFS5S5TT6MW1&pf_rd_s=center-1&pf_rd_t=15506&pf_rd_i=top&ref_=chttp_tt_169
title,year,rating,genero,diretor,url
Prisoners,2013,8.1,Crime,Denis Villeneuve,https://www.imdb.com/title/tt1392214/?pf_rd_m=A2FGELUUNOQJNL&pf_rd_p=1a264172-ae11-42e4-8ef7-7fed1973bb8f&pf_rd_r=J2QZREJYRFS5S5TT6MW1&pf_rd_s=center-1&pf_rd_t=15506&pf_rd_i=top&ref_=chttp_tt_168
title,year,rating,genero,diretor,url
Trainspotting,1996,8.1,Drama,Danny Boyle,https://www.imdb.com/title/tt0117951/?pf_rd_m=A2FGELUUNOQJNL&pf_rd_p=1a264172-ae11-42e4-8ef7-7fed1973bb8f&pf_rd_r=J2QZREJYRFS5S5TT6MW1&pf_rd_s=center-1&pf_rd_t=15506&pf_rd_i=top&ref_=chttp_tt_166
title,year,rating,genero,diretor,url
The Bridge on the River Kwai,1957,8.1,Adventure,David Lean,https://www.imdb.com/title/tt0050212/?pf_rd_m=A2FGELUUNOQJNL&pf_rd_p=1a264172-ae11-42e4-8ef7-7fed1973bb8f&pf_rd_r=J2QZREJYRFS5S5TT6MW1&pf_rd_s=center-1&pf_rd_t=15506&pf_rd_i=top&ref_=chttp_tt_167
title,year,rating,genero,diretor,url
"Three Billboards Outside Ebbing, Missouri",2017,8.1,Comedy,Martin McDonagh,https://www.imdb.com/title/tt5027774/?pf_rd_m=A2FGELUUNOQJNL&pf_rd_p=1a264172-ae11-42e4-8ef7-7fed1973bb8f&pf_rd_r=J2QZREJYRFS5S5TT6MW1&pf_rd_s=center-1&pf_rd_t=15506&pf_rd_i=top&ref_=chttp_tt_165
title,year,rating,genero,diretor,url
Howl's Moving Castle,2004,8.1,Animation,Hayao Miyazaki,https://www.imdb.com/title/tt0347149/?pf_rd_m=A2FGELUUNOQJNL&pf_rd_p=1a264172-ae11-42e4-8ef7-7fed1973bb8f&pf_rd_r=J2QZREJYRFS5S5TT6MW1&pf_rd_s=center-1&pf_rd_t=15506&pf_rd_i=top&ref_=chttp_tt_164
title,year,rating,genero,diretor,url
Inside Out,2015,8.1,Animation,Pete Docter,https://www.imdb.com/title/tt2096673/?pf_rd_m=A2FGELUUNOQJNL&pf_rd_p=1a264172-ae11-42e4-8ef7-7fed1973bb8f&pf_rd_r=J2QZREJYRFS5S5TT6MW1&pf_rd_s=center-1&pf_rd_t=15506&pf_rd_i=top&ref_=chttp_tt_162
title,year,rating,genero,diretor,url
The Secret in Their Eyes,2009,8.1,Drama,Juan José Campanella,https://www.imdb.com/title/tt1305806/?pf_rd_m=A2FGELUUNOQJNL&pf_rd_p=1a264172-ae11-42e4-8ef7-7fed1973bb8f&pf_rd_r=J2QZREJYRFS5S5TT6MW1&pf_rd_s=center-1&pf_rd_t=15506&pf_rd_i=top&ref_=chttp_tt_163
title,year,rating,genero,diretor,url
"Lock, Stock and Two Smoking Barrels",1998,8.1,Action,Guy Ritchie,https://www.imdb.com/title/tt0120735/?pf_rd_m=A2FGELUUNOQJNL&pf_rd_p=1a264172-ae11-42e4-8ef7-7fed1973bb8f&pf_rd_r=J2QZREJYRFS5S5TT6MW1&pf_rd_s=center-1&pf_rd_t=15506&pf_rd_i=top&ref_=chttp_tt_160
title,year,rating,genero,diretor,url
Dial M for Murder,1954,8.1,Crime,Alfred Hitchcock,https://www.imdb.com/title/tt0046912/?pf_rd_m=A2FGELUUNOQJNL&pf_rd_p=1a264172-ae11-42e4-8ef7-7fed1973bb8f&pf_rd_r=J2QZREJYRFS5S5TT6MW1&pf_rd_s=center-1&pf_rd_t=15506&pf_rd_i=top&ref_=chttp_tt_161
title,year,rating,genero,diretor,url
Gone with the Wind,1939,8.1,Drama,Victor Fleming,https://www.imdb.com/title/tt0031381/?pf_rd_m=A2FGELUUNOQJNL&pf_rd_p=1a264172-ae11-42e4-8ef7-7fed1973bb8f&pf_rd_r=J2QZREJYRFS5S5TT6MW1&pf_rd_s=center-1&pf_rd_t=15506&pf_rd_i=top&ref_=chttp_tt_159
title,year,rating,genero,diretor,url
The Elephant Man,1980,8.1,Biography,David Lynch,https://www.imdb.com/title/tt0080678/?pf_rd_m=A2FGELUUNOQJNL&pf_rd_p=1a264172-ae11-42e4-8ef7-7fed1973bb8f&pf_rd_r=J2QZREJYRFS5S5TT6MW1&pf_rd_s=center-1&pf_rd_t=15506&pf_rd_i=top&ref_=chttp_tt_155
title,year,rating,genero,diretor,url
V for Vendetta,2005,8.1,Action,James McTeigue,https://www.imdb.com/title/tt0434409/?pf_rd_m=A2FGELUUNOQJNL&pf_rd_p=1a264172-ae11-42e4-8ef7-7fed1973bb8f&pf_rd_r=J2QZREJYRFS5S5TT6MW1&pf_rd_s=center-1&pf_rd_t=15506&pf_rd_i=top&ref_=chttp_tt_158
title,year,rating,genero,diretor,url
Finding Nemo,2003,8.1,Animation,Andrew Stanton,https://www.imdb.com/title/tt0266543/?pf_rd_m=A2FGELUUNOQJNL&pf_rd_p=1a264172-ae11-42e4-8ef7-7fed1973bb8f&pf_rd_r=J2QZREJYRFS5S5TT6MW1&pf_rd_s=center-1&pf_rd_t=15506&pf_rd_i=top&ref_=chttp_tt_154
title,year,rating,genero,diretor,url
Raging Bull,1980,8.1,Biography,Martin Scorsese,https://www.imdb.com/title/tt0081398/?pf_rd_m=A2FGELUUNOQJNL&pf_rd_p=1a264172-ae11-42e4-8ef7-7fed1973bb8f&pf_rd_r=J2QZREJYRFS5S5TT6MW1&pf_rd_s=center-1&pf_rd_t=15506&pf_rd_i=top&ref_=chttp_tt_157
title,year,rating,genero,diretor,url
The Thing,1982,8.1,Horror,John Carpenter,https://www.imdb.com/title/tt0084787/?pf_rd_m=A2FGELUUNOQJNL&pf_rd_p=1a264172-ae11-42e4-8ef7-7fed1973bb8f&pf_rd_r=J2QZREJYRFS5S5TT6MW1&pf_rd_s=center-1&pf_rd_t=15506&pf_rd_i=top&ref_=chttp_tt_153
title,year,rating,genero,diretor,url
Spider-Man: No Way Home,2021,8.1,Action,Jon Watts,https://www.imdb.com/title/tt10872600/?pf_rd_m=A2FGELUUNOQJNL&pf_rd_p=1a264172-ae11-42e4-8ef7-7fed1973bb8f&pf_rd_r=J2QZREJYRFS5S5TT6MW1&pf_rd_s=center-1&pf_rd_t=15506&pf_rd_i=top&ref_=chttp_tt_152
title,year,rating,genero,diretor,url
Chinatown,1974,8.1,Drama,Roman Polanski,https://www.imdb.com/title/tt0071315/?pf_rd_m=A2FGELUUNOQJNL&pf_rd_p=1a264172-ae11-42e4-8ef7-7fed1973bb8f&pf_rd_r=J2QZREJYRFS5S5TT6MW1&pf_rd_s=center-1&pf_rd_t=15506&pf_rd_i=top&ref_=chttp_tt_156
title,year,rating,genero,diretor,url
Rashomon,1950,8.1,Crime,Akira Kurosawa,https://www.imdb.com/title/tt0042876/?pf_rd_m=A2FGELUUNOQJNL&pf_rd_p=1a264172-ae11-42e4-8ef7-7fed1973bb8f&pf_rd_r=J2QZREJYRFS5S5TT6MW1&pf_rd_s=center-1&pf_rd_t=15506&pf_rd_i=top&ref_=chttp_tt_151
title,year,rating,genero,diretor,url
The Great Escape,1963,8.1,Adventure,John Sturges,https://www.imdb.com/title/tt0057115/?pf_rd_m=A2FGELUUNOQJNL&pf_rd_p=1a264172-ae11-42e4-8ef7-7fed1973bb8f&pf_rd_r=J2QZREJYRFS5S5TT6MW1&pf_rd_s=center-1&pf_rd_t=15506&pf_rd_i=top&ref_=chttp_tt_149
title,year,rating,genero,diretor,url
No Country for Old Men,2007,8.1,Crime,Ethan Coen,https://www.imdb.com/title/tt0477348/?pf_rd_m=A2FGELUUNOQJNL&pf_rd_p=1a264172-ae11-42e4-8ef7-7fed1973bb8f&pf_rd_r=J2QZREJYRFS5S5TT6MW1&pf_rd_s=center-1&pf_rd_t=15506&pf_rd_i=top&ref_=chttp_tt_148
title,year,rating,genero,diretor,url
Monty Python and the Holy Grail,1975,8.1,Adventure,Terry Gilliam,https://www.imdb.com/title/tt0071853/?pf_rd_m=A2FGELUUNOQJNL&pf_rd_p=1a264172-ae11-42e4-8ef7-7fed1973bb8f&pf_rd_r=J2QZREJYRFS5S5TT6MW1&pf_rd_s=center-1&pf_rd_t=15506&pf_rd_i=top&ref_=chttp_tt_147
title,year,rating,genero,diretor,url
Kill Bill: Vol. 1,2003,8.1,Action,Quentin Tarantino,https://www.imdb.com/title/tt0266697/?pf_rd_m=A2FGELUUNOQJNL&pf_rd_p=1a264172-ae11-42e4-8ef7-7fed1973bb8f&pf_rd_r=J2QZREJYRFS5S5TT6MW1&pf_rd_s=center-1&pf_rd_t=15506&pf_rd_i=top&ref_=chttp_tt_150
title,year,rating,genero,diretor,url
The Treasure of the Sierra Madre,1948,8.1,Adventure,John Huston,https://www.imdb.com/title/tt0040897/?pf_rd_m=A2FGELUUNOQJNL&pf_rd_p=1a264172-ae11-42e4-8ef7-7fed1973bb8f&pf_rd_r=J2QZREJYRFS5S5TT6MW1&pf_rd_s=center-1&pf_rd_t=15506&pf_rd_i=top&ref_=chttp_tt_146
title,year,rating,genero,diretor,url
A Beautiful Mind,2001,8.2,Biography,Ron Howard,https://www.imdb.com/title/tt0268978/?pf_rd_m=A2FGELUUNOQJNL&pf_rd_p=1a264172-ae11-42e4-8ef7-7fed1973bb8f&pf_rd_r=J2QZREJYRFS5S5TT6MW1&pf_rd_s=center-1&pf_rd_t=15506&pf_rd_i=top&ref_=chttp_tt_143
title,year,rating,genero,diretor,url
Jurassic Park,1993,8.1,Action,Steven Spielberg,https://www.imdb.com/title/tt0107290/?pf_rd_m=A2FGELUUNOQJNL&pf_rd_p=1a264172-ae11-42e4-8ef7-7fed1973bb8f&pf_rd_r=J2QZREJYRFS5S5TT6MW1&pf_rd_s=center-1&pf_rd_t=15506&pf_rd_i=top&ref_=chttp_tt_144
title,year,rating,genero,diretor,url
Yojimbo,1961,8.1,Action,Akira Kurosawa,https://www.imdb.com/title/tt0055630/?pf_rd_m=A2FGELUUNOQJNL&pf_rd_p=1a264172-ae11-42e4-8ef7-7fed1973bb8f&pf_rd_r=J2QZREJYRFS5S5TT6MW1&pf_rd_s=center-1&pf_rd_t=15506&pf_rd_i=top&ref_=chttp_tt_145
title,year,rating,genero,diretor,url
Shutter Island,2010,8.2,Mystery,Martin Scorsese,https://www.imdb.com/title/tt1130884/?pf_rd_m=A2FGELUUNOQJNL&pf_rd_p=1a264172-ae11-42e4-8ef7-7fed1973bb8f&pf_rd_r=J2QZREJYRFS5S5TT6MW1&pf_rd_s=center-1&pf_rd_t=15506&pf_rd_i=top&ref_=chttp_tt_142
title,year,rating,genero,diretor,url
Pan's Labyrinth,2006,8.2,Drama,Guillermo del Toro,https://www.imdb.com/title/tt0457430/?pf_rd_m=A2FGELUUNOQJNL&pf_rd_p=1a264172-ae11-42e4-8ef7-7fed1973bb8f&pf_rd_r=J2QZREJYRFS5S5TT6MW1&pf_rd_s=center-1&pf_rd_t=15506&pf_rd_i=top&ref_=chttp_tt_139
title,year,rating,genero,diretor,url
The Sixth Sense,1999,8.2,Drama,M. Night Shyamalan,https://www.imdb.com/title/tt0167404/?pf_rd_m=A2FGELUUNOQJNL&pf_rd_p=1a264172-ae11-42e4-8ef7-7fed1973bb8f&pf_rd_r=J2QZREJYRFS5S5TT6MW1&pf_rd_s=center-1&pf_rd_t=15506&pf_rd_i=top&ref_=chttp_tt_141
title,year,rating,genero,diretor,url
Unforgiven,1992,8.2,Drama,Clint Eastwood,https://www.imdb.com/title/tt0105695/?pf_rd_m=A2FGELUUNOQJNL&pf_rd_p=1a264172-ae11-42e4-8ef7-7fed1973bb8f&pf_rd_r=J2QZREJYRFS5S5TT6MW1&pf_rd_s=center-1&pf_rd_t=15506&pf_rd_i=top&ref_=chttp_tt_140
title,year,rating,genero,diretor,url
There Will Be Blood,2007,8.2,Drama,Paul Thomas Anderson,https://www.imdb.com/title/tt0469494/?pf_rd_m=A2FGELUUNOQJNL&pf_rd_p=1a264172-ae11-42e4-8ef7-7fed1973bb8f&pf_rd_r=J2QZREJYRFS5S5TT6MW1&pf_rd_s=center-1&pf_rd_t=15506&pf_rd_i=top&ref_=chttp_tt_138
title,year,rating,genero,diretor,url
The Truman Show,1998,8.2,Comedy,Peter Weir,https://www.imdb.com/title/tt0120382/?pf_rd_m=A2FGELUUNOQJNL&pf_rd_p=1a264172-ae11-42e4-8ef7-7fed1973bb8f&pf_rd_r=J2QZREJYRFS5S5TT6MW1&pf_rd_s=center-1&pf_rd_t=15506&pf_rd_i=top&ref_=chttp_tt_137
title,year,rating,genero,diretor,url
Ran,1985,8.2,Action,Akira Kurosawa,https://www.imdb.com/title/tt0089881/?pf_rd_m=A2FGELUUNOQJNL&pf_rd_p=1a264172-ae11-42e4-8ef7-7fed1973bb8f&pf_rd_r=J2QZREJYRFS5S5TT6MW1&pf_rd_s=center-1&pf_rd_t=15506&pf_rd_i=top&ref_=chttp_tt_135
title,year,rating,genero,diretor,url
Casino,1995,8.2,Crime,Martin Scorsese,https://www.imdb.com/title/tt0112641/?pf_rd_m=A2FGELUUNOQJNL&pf_rd_p=1a264172-ae11-42e4-8ef7-7fed1973bb8f&pf_rd_r=J2QZREJYRFS5S5TT6MW1&pf_rd_s=center-1&pf_rd_t=15506&pf_rd_i=top&ref_=chttp_tt_136
title,year,rating,genero,diretor,url
Judgment at Nuremberg,1961,8.2,Drama,Stanley Kramer,https://www.imdb.com/title/tt0055031/?pf_rd_m=A2FGELUUNOQJNL&pf_rd_p=1a264172-ae11-42e4-8ef7-7fed1973bb8f&pf_rd_r=J2QZREJYRFS5S5TT6MW1&pf_rd_s=center-1&pf_rd_t=15506&pf_rd_i=top&ref_=chttp_tt_134
title,year,rating,genero,diretor,url
All About Eve,1950,8.2,Drama,Joseph L. Mankiewicz,https://www.imdb.com/title/tt0042192/?pf_rd_m=A2FGELUUNOQJNL&pf_rd_p=1a264172-ae11-42e4-8ef7-7fed1973bb8f&pf_rd_r=J2QZREJYRFS5S5TT6MW1&pf_rd_s=center-1&pf_rd_t=15506&pf_rd_i=top&ref_=chttp_tt_131
title,year,rating,genero,diretor,url
The Wolf of Wall Street,2013,8.2,Biography,Martin Scorsese,https://www.imdb.com/title/tt0993846/?pf_rd_m=A2FGELUUNOQJNL&pf_rd_p=1a264172-ae11-42e4-8ef7-7fed1973bb8f&pf_rd_r=J2QZREJYRFS5S5TT6MW1&pf_rd_s=center-1&pf_rd_t=15506&pf_rd_i=top&ref_=chttp_tt_132
title,year,rating,genero,diretor,url
The Father,2020,8.2,Drama,Florian Zeller,https://www.imdb.com/title/tt10272386/?pf_rd_m=A2FGELUUNOQJNL&pf_rd_p=1a264172-ae11-42e4-8ef7-7fed1973bb8f&pf_rd_r=J2QZREJYRFS5S5TT6MW1&pf_rd_s=center-1&pf_rd_t=15506&pf_rd_i=top&ref_=chttp_tt_130
title,year,rating,genero,diretor,url
Green Book,2018,8.2,Biography,Peter Farrelly,https://www.imdb.com/title/tt6966692/?pf_rd_m=A2FGELUUNOQJNL&pf_rd_p=1a264172-ae11-42e4-8ef7-7fed1973bb8f&pf_rd_r=J2QZREJYRFS5S5TT6MW1&pf_rd_s=center-1&pf_rd_t=15506&pf_rd_i=top&ref_=chttp_tt_133
title,year,rating,genero,diretor,url
Some Like It Hot,1959,8.2,Comedy,Billy Wilder,https://www.imdb.com/title/tt0053291/?pf_rd_m=A2FGELUUNOQJNL&pf_rd_p=1a264172-ae11-42e4-8ef7-7fed1973bb8f&pf_rd_r=J2QZREJYRFS5S5TT6MW1&pf_rd_s=center-1&pf_rd_t=15506&pf_rd_i=top&ref_=chttp_tt_129
title,year,rating,genero,diretor,url
The Kid,1921,8.2,Comedy,Charles Chaplin,https://www.imdb.com/title/tt0012349/?pf_rd_m=A2FGELUUNOQJNL&pf_rd_p=1a264172-ae11-42e4-8ef7-7fed1973bb8f&pf_rd_r=J2QZREJYRFS5S5TT6MW1&pf_rd_s=center-1&pf_rd_t=15506&pf_rd_i=top&ref_=chttp_tt_128
title,year,rating,genero,diretor,url
For a Few Dollars More,1965,8.2,Western,Sergio Leone,https://www.imdb.com/title/tt0059578/?pf_rd_m=A2FGELUUNOQJNL&pf_rd_p=1a264172-ae11-42e4-8ef7-7fed1973bb8f&pf_rd_r=J2QZREJYRFS5S5TT6MW1&pf_rd_s=center-1&pf_rd_t=15506&pf_rd_i=top&ref_=chttp_tt_126
title,year,rating,genero,diretor,url
Downfall,2004,8.2,Biography,Oliver Hirschbiegel,https://www.imdb.com/title/tt0363163/?pf_rd_m=A2FGELUUNOQJNL&pf_rd_p=1a264172-ae11-42e4-8ef7-7fed1973bb8f&pf_rd_r=J2QZREJYRFS5S5TT6MW1&pf_rd_s=center-1&pf_rd_t=15506&pf_rd_i=top&ref_=chttp_tt_124
title,year,rating,genero,diretor,url
Batman Begins,2005,8.2,Action,Christopher Nolan,https://www.imdb.com/title/tt0372784/?pf_rd_m=A2FGELUUNOQJNL&pf_rd_p=1a264172-ae11-42e4-8ef7-7fed1973bb8f&pf_rd_r=J2QZREJYRFS5S5TT6MW1&pf_rd_s=center-1&pf_rd_t=15506&pf_rd_i=top&ref_=chttp_tt_127
title,year,rating,genero,diretor,url
Top Gun: Maverick,2022,8.2,Action,Joseph Kosinski,https://www.imdb.com/title/tt1745960/?pf_rd_m=A2FGELUUNOQJNL&pf_rd_p=1a264172-ae11-42e4-8ef7-7fed1973bb8f&pf_rd_r=J2QZREJYRFS5S5TT6MW1&pf_rd_s=center-1&pf_rd_t=15506&pf_rd_i=top&ref_=chttp_tt_120
title,year,rating,genero,diretor,url
1917,2019,8.2,Action,Sam Mendes,https://www.imdb.com/title/tt8579674/?pf_rd_m=A2FGELUUNOQJNL&pf_rd_p=1a264172-ae11-42e4-8ef7-7fed1973bb8f&pf_rd_r=J2QZREJYRFS5S5TT6MW1&pf_rd_s=center-1&pf_rd_t=15506&pf_rd_i=top&ref_=chttp_tt_123
title,year,rating,genero,diretor,url
Like Stars on Earth,2007,8.2,Drama,Aamir Khan,https://www.imdb.com/title/tt0986264/?pf_rd_m=A2FGELUUNOQJNL&pf_rd_p=1a264172-ae11-42e4-8ef7-7fed1973bb8f&pf_rd_r=J2QZREJYRFS5S5TT6MW1&pf_rd_s=center-1&pf_rd_t=15506&pf_rd_i=top&ref_=chttp_tt_122
title,year,rating,genero,diretor,url
Die Hard,1988,8.2,Action,John McTiernan,https://www.imdb.com/title/tt0095016/?pf_rd_m=A2FGELUUNOQJNL&pf_rd_p=1a264172-ae11-42e4-8ef7-7fed1973bb8f&pf_rd_r=J2QZREJYRFS5S5TT6MW1&pf_rd_s=center-1&pf_rd_t=15506&pf_rd_i=top&ref_=chttp_tt_117
title,year,rating,genero,diretor,url
Indiana Jones and the Last Crusade,1989,8.2,Action,Steven Spielberg,https://www.imdb.com/title/tt0097576/?pf_rd_m=A2FGELUUNOQJNL&pf_rd_p=1a264172-ae11-42e4-8ef7-7fed1973bb8f&pf_rd_r=J2QZREJYRFS5S5TT6MW1&pf_rd_s=center-1&pf_rd_t=15506&pf_rd_i=top&ref_=chttp_tt_119
title,year,rating,genero,diretor,url
Bicycle Thieves,1948,8.2,Drama,Vittorio De Sica,https://www.imdb.com/title/tt0040522/?pf_rd_m=A2FGELUUNOQJNL&pf_rd_p=1a264172-ae11-42e4-8ef7-7fed1973bb8f&pf_rd_r=J2QZREJYRFS5S5TT6MW1&pf_rd_s=center-1&pf_rd_t=15506&pf_rd_i=top&ref_=chttp_tt_121
title,year,rating,genero,diretor,url
Snatch,2000,8.2,Comedy,Guy Ritchie,https://www.imdb.com/title/tt0208092/?pf_rd_m=A2FGELUUNOQJNL&pf_rd_p=1a264172-ae11-42e4-8ef7-7fed1973bb8f&pf_rd_r=J2QZREJYRFS5S5TT6MW1&pf_rd_s=center-1&pf_rd_t=15506&pf_rd_i=top&ref_=chttp_tt_118
title,year,rating,genero,diretor,url
Dangal,2016,8.2,Action,Nitesh Tiwari,https://www.imdb.com/title/tt5074352/?pf_rd_m=A2FGELUUNOQJNL&pf_rd_p=1a264172-ae11-42e4-8ef7-7fed1973bb8f&pf_rd_r=J2QZREJYRFS5S5TT6MW1&pf_rd_s=center-1&pf_rd_t=15506&pf_rd_i=top&ref_=chttp_tt_125
title,year,rating,genero,diretor,url
A Separation,2011,8.2,Drama,Asghar Farhadi,https://www.imdb.com/title/tt1832382/?pf_rd_m=A2FGELUUNOQJNL&pf_rd_p=1a264172-ae11-42e4-8ef7-7fed1973bb8f&pf_rd_r=J2QZREJYRFS5S5TT6MW1&pf_rd_s=center-1&pf_rd_t=15506&pf_rd_i=top&ref_=chttp_tt_113
title,year,rating,genero,diretor,url
Taxi Driver,1976,8.2,Crime,Martin Scorsese,https://www.imdb.com/title/tt0075314/?pf_rd_m=A2FGELUUNOQJNL&pf_rd_p=1a264172-ae11-42e4-8ef7-7fed1973bb8f&pf_rd_r=J2QZREJYRFS5S5TT6MW1&pf_rd_s=center-1&pf_rd_t=15506&pf_rd_i=top&ref_=chttp_tt_115
title,year,rating,genero,diretor,url
Up,2009,8.2,Animation,Pete Docter,https://www.imdb.com/title/tt1049413/?pf_rd_m=A2FGELUUNOQJNL&pf_rd_p=1a264172-ae11-42e4-8ef7-7fed1973bb8f&pf_rd_r=J2QZREJYRFS5S5TT6MW1&pf_rd_s=center-1&pf_rd_t=15506&pf_rd_i=top&ref_=chttp_tt_111
title,year,rating,genero,diretor,url
Metropolis,1927,8.2,Drama,Fritz Lang,https://www.imdb.com/title/tt0017136/?pf_rd_m=A2FGELUUNOQJNL&pf_rd_p=1a264172-ae11-42e4-8ef7-7fed1973bb8f&pf_rd_r=J2QZREJYRFS5S5TT6MW1&pf_rd_s=center-1&pf_rd_t=15506&pf_rd_i=top&ref_=chttp_tt_114
title,year,rating,genero,diretor,url
L.A. Confidential,1997,8.2,Crime,Curtis Hanson,https://www.imdb.com/title/tt0119488/?pf_rd_m=A2FGELUUNOQJNL&pf_rd_p=1a264172-ae11-42e4-8ef7-7fed1973bb8f&pf_rd_r=J2QZREJYRFS5S5TT6MW1&pf_rd_s=center-1&pf_rd_t=15506&pf_rd_i=top&ref_=chttp_tt_116
title,year,rating,genero,diretor,url
To Kill a Mockingbird,1962,8.2,Crime,Robert Mulligan,https://www.imdb.com/title/tt0056592/?pf_rd_m=A2FGELUUNOQJNL&pf_rd_p=1a264172-ae11-42e4-8ef7-7fed1973bb8f&pf_rd_r=J2QZREJYRFS5S5TT6MW1&pf_rd_s=center-1&pf_rd_t=15506&pf_rd_i=top&ref_=chttp_tt_110
title,year,rating,genero,diretor,url
The Sting,1973,8.2,Comedy,George Roy Hill,https://www.imdb.com/title/tt0070735/?pf_rd_m=A2FGELUUNOQJNL&pf_rd_p=1a264172-ae11-42e4-8ef7-7fed1973bb8f&pf_rd_r=J2QZREJYRFS5S5TT6MW1&pf_rd_s=center-1&pf_rd_t=15506&pf_rd_i=top&ref_=chttp_tt_112
title,year,rating,genero,diretor,url
Hamilton,2020,8.2,Biography,Thomas Kail,https://www.imdb.com/title/tt8503618/?pf_rd_m=A2FGELUUNOQJNL&pf_rd_p=1a264172-ae11-42e4-8ef7-7fed1973bb8f&pf_rd_r=J2QZREJYRFS5S5TT6MW1&pf_rd_s=center-1&pf_rd_t=15506&pf_rd_i=top&ref_=chttp_tt_107
title,year,rating,genero,diretor,url
Double Indemnity,1944,8.2,Crime,Billy Wilder,https://www.imdb.com/title/tt0036775/?pf_rd_m=A2FGELUUNOQJNL&pf_rd_p=1a264172-ae11-42e4-8ef7-7fed1973bb8f&pf_rd_r=J2QZREJYRFS5S5TT6MW1&pf_rd_s=center-1&pf_rd_t=15506&pf_rd_i=top&ref_=chttp_tt_104
title,year,rating,genero,diretor,url
Heat,1995,8.2,Action,Michael Mann,https://www.imdb.com/title/tt0113277/?pf_rd_m=A2FGELUUNOQJNL&pf_rd_p=1a264172-ae11-42e4-8ef7-7fed1973bb8f&pf_rd_r=J2QZREJYRFS5S5TT6MW1&pf_rd_s=center-1&pf_rd_t=15506&pf_rd_i=top&ref_=chttp_tt_109
title,year,rating,genero,diretor,url
Scarface,1983,8.2,Crime,Brian De Palma,https://www.imdb.com/title/tt0086250/?pf_rd_m=A2FGELUUNOQJNL&pf_rd_p=1a264172-ae11-42e4-8ef7-7fed1973bb8f&pf_rd_r=J2QZREJYRFS5S5TT6MW1&pf_rd_s=center-1&pf_rd_t=15506&pf_rd_i=top&ref_=chttp_tt_106
title,year,rating,genero,diretor,url
Full Metal Jacket,1987,8.2,Drama,Stanley Kubrick,https://www.imdb.com/title/tt0093058/?pf_rd_m=A2FGELUUNOQJNL&pf_rd_p=1a264172-ae11-42e4-8ef7-7fed1973bb8f&pf_rd_r=J2QZREJYRFS5S5TT6MW1&pf_rd_s=center-1&pf_rd_t=15506&pf_rd_i=top&ref_=chttp_tt_105
title,year,rating,genero,diretor,url
Incendies,2010,8.2,Drama,Denis Villeneuve,https://www.imdb.com/title/tt1255953/?pf_rd_m=A2FGELUUNOQJNL&pf_rd_p=1a264172-ae11-42e4-8ef7-7fed1973bb8f&pf_rd_r=J2QZREJYRFS5S5TT6MW1&pf_rd_s=center-1&pf_rd_t=15506&pf_rd_i=top&ref_=chttp_tt_108
title,year,rating,genero,diretor,url
A Clockwork Orange,1971,8.2,Crime,Stanley Kubrick,https://www.imdb.com/title/tt0066921/?pf_rd_m=A2FGELUUNOQJNL&pf_rd_p=1a264172-ae11-42e4-8ef7-7fed1973bb8f&pf_rd_r=J2QZREJYRFS5S5TT6MW1&pf_rd_s=center-1&pf_rd_t=15506&pf_rd_i=top&ref_=chttp_tt_103
title,year,rating,genero,diretor,url
Vertigo,1958,8.2,Mystery,Alfred Hitchcock,https://www.imdb.com/title/tt0052357/?pf_rd_m=A2FGELUUNOQJNL&pf_rd_p=1a264172-ae11-42e4-8ef7-7fed1973bb8f&pf_rd_r=J2QZREJYRFS5S5TT6MW1&pf_rd_s=center-1&pf_rd_t=15506&pf_rd_i=top&ref_=chttp_tt_100
title,year,rating,genero,diretor,url
Amélie,2001,8.2,Comedy,Jean-Pierre Jeunet,https://www.imdb.com/title/tt0211915/?pf_rd_m=A2FGELUUNOQJNL&pf_rd_p=1a264172-ae11-42e4-8ef7-7fed1973bb8f&pf_rd_r=J2QZREJYRFS5S5TT6MW1&pf_rd_s=center-1&pf_rd_t=15506&pf_rd_i=top&ref_=chttp_tt_102
title,year,rating,genero,diretor,url
Ikiru,1952,8.2,Drama,Akira Kurosawa,https://www.imdb.com/title/tt0044741/?pf_rd_m=A2FGELUUNOQJNL&pf_rd_p=1a264172-ae11-42e4-8ef7-7fed1973bb8f&pf_rd_r=J2QZREJYRFS5S5TT6MW1&pf_rd_s=center-1&pf_rd_t=15506&pf_rd_i=top&ref_=chttp_tt_99
title,year,rating,genero,diretor,url
North by Northwest,1959,8.2,Action,Alfred Hitchcock,https://www.imdb.com/title/tt0053125/?pf_rd_m=A2FGELUUNOQJNL&pf_rd_p=1a264172-ae11-42e4-8ef7-7fed1973bb8f&pf_rd_r=J2QZREJYRFS5S5TT6MW1&pf_rd_s=center-1&pf_rd_t=15506&pf_rd_i=top&ref_=chttp_tt_98
title,year,rating,genero,diretor,url
The Apartment,1960,8.2,Comedy,Billy Wilder,https://www.imdb.com/title/tt0053604/?pf_rd_m=A2FGELUUNOQJNL&pf_rd_p=1a264172-ae11-42e4-8ef7-7fed1973bb8f&pf_rd_r=J2QZREJYRFS5S5TT6MW1&pf_rd_s=center-1&pf_rd_t=15506&pf_rd_i=top&ref_=chttp_tt_101
title,year,rating,genero,diretor,url
Lawrence of Arabia,1962,8.2,Adventure,David Lean,https://www.imdb.com/title/tt0056172/?pf_rd_m=A2FGELUUNOQJNL&pf_rd_p=1a264172-ae11-42e4-8ef7-7fed1973bb8f&pf_rd_r=J2QZREJYRFS5S5TT6MW1&pf_rd_s=center-1&pf_rd_t=15506&pf_rd_i=top&ref_=chttp_tt_97
title,year,rating,genero,diretor,url
Citizen Kane,1941,8.2,Drama,Orson Welles,https://www.imdb.com/title/tt0033467/?pf_rd_m=A2FGELUUNOQJNL&pf_rd_p=1a264172-ae11-42e4-8ef7-7fed1973bb8f&pf_rd_r=J2QZREJYRFS5S5TT6MW1&pf_rd_s=center-1&pf_rd_t=15506&pf_rd_i=top&ref_=chttp_tt_95
title,year,rating,genero,diretor,url
Reservoir Dogs,1992,8.3,Crime,Quentin Tarantino,https://www.imdb.com/title/tt0105236/?pf_rd_m=A2FGELUUNOQJNL&pf_rd_p=1a264172-ae11-42e4-8ef7-7fed1973bb8f&pf_rd_r=J2QZREJYRFS5S5TT6MW1&pf_rd_s=center-1&pf_rd_t=15506&pf_rd_i=top&ref_=chttp_tt_93
title,year,rating,genero,diretor,url
M,1931,8.2,Crime,Fritz Lang,https://www.imdb.com/title/tt0022100/?pf_rd_m=A2FGELUUNOQJNL&pf_rd_p=1a264172-ae11-42e4-8ef7-7fed1973bb8f&pf_rd_r=J2QZREJYRFS5S5TT6MW1&pf_rd_s=center-1&pf_rd_t=15506&pf_rd_i=top&ref_=chttp_tt_96
title,year,rating,genero,diretor,url
2001: A Space Odyssey,1968,8.3,Adventure,Stanley Kubrick,https://www.imdb.com/title/tt0062622/?pf_rd_m=A2FGELUUNOQJNL&pf_rd_p=1a264172-ae11-42e4-8ef7-7fed1973bb8f&pf_rd_r=J2QZREJYRFS5S5TT6MW1&pf_rd_s=center-1&pf_rd_t=15506&pf_rd_i=top&ref_=chttp_tt_90
title,year,rating,genero,diretor,url
The Hunt,2012,8.3,Drama,Thomas Vinterberg,https://www.imdb.com/title/tt2106476/?pf_rd_m=A2FGELUUNOQJNL&pf_rd_p=1a264172-ae11-42e4-8ef7-7fed1973bb8f&pf_rd_r=J2QZREJYRFS5S5TT6MW1&pf_rd_s=center-1&pf_rd_t=15506&pf_rd_i=top&ref_=chttp_tt_94
title,year,rating,genero,diretor,url
Come and See,1985,8.3,Drama,Elem Klimov,https://www.imdb.com/title/tt0091251/?pf_rd_m=A2FGELUUNOQJNL&pf_rd_p=1a264172-ae11-42e4-8ef7-7fed1973bb8f&pf_rd_r=J2QZREJYRFS5S5TT6MW1&pf_rd_s=center-1&pf_rd_t=15506&pf_rd_i=top&ref_=chttp_tt_92
title,year,rating,genero,diretor,url
Eternal Sunshine of the Spotless Mind,2004,8.3,Drama,Michel Gondry,https://www.imdb.com/title/tt0338013/?pf_rd_m=A2FGELUUNOQJNL&pf_rd_p=1a264172-ae11-42e4-8ef7-7fed1973bb8f&pf_rd_r=J2QZREJYRFS5S5TT6MW1&pf_rd_s=center-1&pf_rd_t=15506&pf_rd_i=top&ref_=chttp_tt_91
title,year,rating,genero,diretor,url
Star Wars: Episode VI - Return of the Jedi,1983,8.3,Action,Richard Marquand,https://www.imdb.com/title/tt0086190/?pf_rd_m=A2FGELUUNOQJNL&pf_rd_p=1a264172-ae11-42e4-8ef7-7fed1973bb8f&pf_rd_r=J2QZREJYRFS5S5TT6MW1&pf_rd_s=center-1&pf_rd_t=15506&pf_rd_i=top&ref_=chttp_tt_89
title,year,rating,genero,diretor,url
Capernaum,2018,8.3,Drama,Nadine Labaki,https://www.imdb.com/title/tt8267604/?pf_rd_m=A2FGELUUNOQJNL&pf_rd_p=1a264172-ae11-42e4-8ef7-7fed1973bb8f&pf_rd_r=J2QZREJYRFS5S5TT6MW1&pf_rd_s=center-1&pf_rd_t=15506&pf_rd_i=top&ref_=chttp_tt_88
title,year,rating,genero,diretor,url
High and Low,1963,8.3,Crime,Akira Kurosawa,https://www.imdb.com/title/tt0057565/?pf_rd_m=A2FGELUUNOQJNL&pf_rd_p=1a264172-ae11-42e4-8ef7-7fed1973bb8f&pf_rd_r=J2QZREJYRFS5S5TT6MW1&pf_rd_s=center-1&pf_rd_t=15506&pf_rd_i=top&ref_=chttp_tt_86
title,year,rating,genero,diretor,url
Toy Story 3,2010,8.3,Animation,Lee Unkrich,https://www.imdb.com/title/tt0435761/?pf_rd_m=A2FGELUUNOQJNL&pf_rd_p=1a264172-ae11-42e4-8ef7-7fed1973bb8f&pf_rd_r=J2QZREJYRFS5S5TT6MW1&pf_rd_s=center-1&pf_rd_t=15506&pf_rd_i=top&ref_=chttp_tt_87
title,year,rating,genero,diretor,url
3 Idiots,2009,8.3,Comedy,Rajkumar Hirani,https://www.imdb.com/title/tt1187043/?pf_rd_m=A2FGELUUNOQJNL&pf_rd_p=1a264172-ae11-42e4-8ef7-7fed1973bb8f&pf_rd_r=J2QZREJYRFS5S5TT6MW1&pf_rd_s=center-1&pf_rd_t=15506&pf_rd_i=top&ref_=chttp_tt_84
title,year,rating,genero,diretor,url
Requiem for a Dream,2000,8.3,Drama,Darren Aronofsky,https://www.imdb.com/title/tt0180093/?pf_rd_m=A2FGELUUNOQJNL&pf_rd_p=1a264172-ae11-42e4-8ef7-7fed1973bb8f&pf_rd_r=J2QZREJYRFS5S5TT6MW1&pf_rd_s=center-1&pf_rd_t=15506&pf_rd_i=top&ref_=chttp_tt_85
title,year,rating,genero,diretor,url
Your Name.,2016,8.3,Animation,Makoto Shinkai,https://www.imdb.com/title/tt5311514/?pf_rd_m=A2FGELUUNOQJNL&pf_rd_p=1a264172-ae11-42e4-8ef7-7fed1973bb8f&pf_rd_r=J2QZREJYRFS5S5TT6MW1&pf_rd_s=center-1&pf_rd_t=15506&pf_rd_i=top&ref_=chttp_tt_82
title,year,rating,genero,diretor,url
Good Will Hunting,1997,8.3,Drama,Gus Van Sant,https://www.imdb.com/title/tt0119217/?pf_rd_m=A2FGELUUNOQJNL&pf_rd_p=1a264172-ae11-42e4-8ef7-7fed1973bb8f&pf_rd_r=J2QZREJYRFS5S5TT6MW1&pf_rd_s=center-1&pf_rd_t=15506&pf_rd_i=top&ref_=chttp_tt_81
title,year,rating,genero,diretor,url
Once Upon a Time in America,1984,8.3,Crime,Sergio Leone,https://www.imdb.com/title/tt0087843/?pf_rd_m=A2FGELUUNOQJNL&pf_rd_p=1a264172-ae11-42e4-8ef7-7fed1973bb8f&pf_rd_r=J2QZREJYRFS5S5TT6MW1&pf_rd_s=center-1&pf_rd_t=15506&pf_rd_i=top&ref_=chttp_tt_80
title,year,rating,genero,diretor,url
Singin' in the Rain,1952,8.3,Comedy,Stanley Donen,https://www.imdb.com/title/tt0045152/?pf_rd_m=A2FGELUUNOQJNL&pf_rd_p=1a264172-ae11-42e4-8ef7-7fed1973bb8f&pf_rd_r=J2QZREJYRFS5S5TT6MW1&pf_rd_s=center-1&pf_rd_t=15506&pf_rd_i=top&ref_=chttp_tt_83
title,year,rating,genero,diretor,url
Princess Mononoke,1997,8.3,Animation,Hayao Miyazaki,https://www.imdb.com/title/tt0119698/?pf_rd_m=A2FGELUUNOQJNL&pf_rd_p=1a264172-ae11-42e4-8ef7-7fed1973bb8f&pf_rd_r=J2QZREJYRFS5S5TT6MW1&pf_rd_s=center-1&pf_rd_t=15506&pf_rd_i=top&ref_=chttp_tt_79
title,year,rating,genero,diretor,url
Das Boot,1981,8.3,Drama,Wolfgang Petersen,https://www.imdb.com/title/tt0082096/?pf_rd_m=A2FGELUUNOQJNL&pf_rd_p=1a264172-ae11-42e4-8ef7-7fed1973bb8f&pf_rd_r=J2QZREJYRFS5S5TT6MW1&pf_rd_s=center-1&pf_rd_t=15506&pf_rd_i=top&ref_=chttp_tt_77
title,year,rating,genero,diretor,url
Avengers: Endgame,2019,8.3,Action,Anthony Russo,https://www.imdb.com/title/tt4154796/?pf_rd_m=A2FGELUUNOQJNL&pf_rd_p=1a264172-ae11-42e4-8ef7-7fed1973bb8f&pf_rd_r=J2QZREJYRFS5S5TT6MW1&pf_rd_s=center-1&pf_rd_t=15506&pf_rd_i=top&ref_=chttp_tt_78
title,year,rating,genero,diretor,url
Amadeus,1984,8.3,Biography,Milos Forman,https://www.imdb.com/title/tt0086879/?pf_rd_m=A2FGELUUNOQJNL&pf_rd_p=1a264172-ae11-42e4-8ef7-7fed1973bb8f&pf_rd_r=J2QZREJYRFS5S5TT6MW1&pf_rd_s=center-1&pf_rd_t=15506&pf_rd_i=top&ref_=chttp_tt_72
title,year,rating,genero,diretor,url
Joker,2019,8.3,Crime,Todd Phillips,https://www.imdb.com/title/tt7286456/?pf_rd_m=A2FGELUUNOQJNL&pf_rd_p=1a264172-ae11-42e4-8ef7-7fed1973bb8f&pf_rd_r=J2QZREJYRFS5S5TT6MW1&pf_rd_s=center-1&pf_rd_t=15506&pf_rd_i=top&ref_=chttp_tt_75
title,year,rating,genero,diretor,url
Toy Story,1995,8.3,Animation,John Lasseter,https://www.imdb.com/title/tt0114709/?pf_rd_m=A2FGELUUNOQJNL&pf_rd_p=1a264172-ae11-42e4-8ef7-7fed1973bb8f&pf_rd_r=J2QZREJYRFS5S5TT6MW1&pf_rd_s=center-1&pf_rd_t=15506&pf_rd_i=top&ref_=chttp_tt_74
title,year,rating,genero,diretor,url
Braveheart,1995,8.3,Biography,Mel Gibson,https://www.imdb.com/title/tt0112573/?pf_rd_m=A2FGELUUNOQJNL&pf_rd_p=1a264172-ae11-42e4-8ef7-7fed1973bb8f&pf_rd_r=J2QZREJYRFS5S5TT6MW1&pf_rd_s=center-1&pf_rd_t=15506&pf_rd_i=top&ref_=chttp_tt_76
title,year,rating,genero,diretor,url
Oldboy,2003,8.3,Action,Park Chan-wook,https://www.imdb.com/title/tt0364569/?pf_rd_m=A2FGELUUNOQJNL&pf_rd_p=1a264172-ae11-42e4-8ef7-7fed1973bb8f&pf_rd_r=J2QZREJYRFS5S5TT6MW1&pf_rd_s=center-1&pf_rd_t=15506&pf_rd_i=top&ref_=chttp_tt_70
title,year,rating,genero,diretor,url
Coco,2017,8.3,Animation,Lee Unkrich,https://www.imdb.com/title/tt2380307/?pf_rd_m=A2FGELUUNOQJNL&pf_rd_p=1a264172-ae11-42e4-8ef7-7fed1973bb8f&pf_rd_r=J2QZREJYRFS5S5TT6MW1&pf_rd_s=center-1&pf_rd_t=15506&pf_rd_i=top&ref_=chttp_tt_73
title,year,rating,genero,diretor,url
The Dark Knight Rises,2012,8.3,Action,Christopher Nolan,https://www.imdb.com/title/tt1345836/?pf_rd_m=A2FGELUUNOQJNL&pf_rd_p=1a264172-ae11-42e4-8ef7-7fed1973bb8f&pf_rd_r=J2QZREJYRFS5S5TT6MW1&pf_rd_s=center-1&pf_rd_t=15506&pf_rd_i=top&ref_=chttp_tt_69
title,year,rating,genero,diretor,url
Inglourious Basterds,2009,8.3,Adventure,Quentin Tarantino,https://www.imdb.com/title/tt0361748/?pf_rd_m=A2FGELUUNOQJNL&pf_rd_p=1a264172-ae11-42e4-8ef7-7fed1973bb8f&pf_rd_r=J2QZREJYRFS5S5TT6MW1&pf_rd_s=center-1&pf_rd_t=15506&pf_rd_i=top&ref_=chttp_tt_71
title,year,rating,genero,diretor,url
Dr. Strangelove or: How I Learned to Stop Worrying and Love the Bomb,1964,8.3,Comedy,Stanley Kubrick,https://www.imdb.com/title/tt0057012/?pf_rd_m=A2FGELUUNOQJNL&pf_rd_p=1a264172-ae11-42e4-8ef7-7fed1973bb8f&pf_rd_r=J2QZREJYRFS5S5TT6MW1&pf_rd_s=center-1&pf_rd_t=15506&pf_rd_i=top&ref_=chttp_tt_68
title,year,rating,genero,diretor,url
Spider-Man: Into the Spider-Verse,2018,8.3,Animation,Bob Persichetti,https://www.imdb.com/title/tt4633694/?pf_rd_m=A2FGELUUNOQJNL&pf_rd_p=1a264172-ae11-42e4-8ef7-7fed1973bb8f&pf_rd_r=J2QZREJYRFS5S5TT6MW1&pf_rd_s=center-1&pf_rd_t=15506&pf_rd_i=top&ref_=chttp_tt_66
title,year,rating,genero,diretor,url
Aliens,1986,8.3,Action,James Cameron,https://www.imdb.com/title/tt0090605/?pf_rd_m=A2FGELUUNOQJNL&pf_rd_p=1a264172-ae11-42e4-8ef7-7fed1973bb8f&pf_rd_r=J2QZREJYRFS5S5TT6MW1&pf_rd_s=center-1&pf_rd_t=15506&pf_rd_i=top&ref_=chttp_tt_65
title,year,rating,genero,diretor,url
American Beauty,1999,8.3,Drama,Sam Mendes,https://www.imdb.com/title/tt0169547/?pf_rd_m=A2FGELUUNOQJNL&pf_rd_p=1a264172-ae11-42e4-8ef7-7fed1973bb8f&pf_rd_r=J2QZREJYRFS5S5TT6MW1&pf_rd_s=center-1&pf_rd_t=15506&pf_rd_i=top&ref_=chttp_tt_67
title,year,rating,genero,diretor,url
Witness for the Prosecution,1957,8.4,Crime,Billy Wilder,https://www.imdb.com/title/tt0051201/?pf_rd_m=A2FGELUUNOQJNL&pf_rd_p=1a264172-ae11-42e4-8ef7-7fed1973bb8f&pf_rd_r=J2QZREJYRFS5S5TT6MW1&pf_rd_s=center-1&pf_rd_t=15506&pf_rd_i=top&ref_=chttp_tt_64
title,year,rating,genero,diretor,url
The Shining,1980,8.4,Drama,Stanley Kubrick,https://www.imdb.com/title/tt0081505/?pf_rd_m=A2FGELUUNOQJNL&pf_rd_p=1a264172-ae11-42e4-8ef7-7fed1973bb8f&pf_rd_r=J2QZREJYRFS5S5TT6MW1&pf_rd_s=center-1&pf_rd_t=15506&pf_rd_i=top&ref_=chttp_tt_61
title,year,rating,genero,diretor,url
Avengers: Infinity War,2018,8.4,Action,Anthony Russo,https://www.imdb.com/title/tt4154756/?pf_rd_m=A2FGELUUNOQJNL&pf_rd_p=1a264172-ae11-42e4-8ef7-7fed1973bb8f&pf_rd_r=J2QZREJYRFS5S5TT6MW1&pf_rd_s=center-1&pf_rd_t=15506&pf_rd_i=top&ref_=chttp_tt_63
title,year,rating,genero,diretor,url
The Great Dictator,1940,8.4,Comedy,Charles Chaplin,https://www.imdb.com/title/tt0032553/?pf_rd_m=A2FGELUUNOQJNL&pf_rd_p=1a264172-ae11-42e4-8ef7-7fed1973bb8f&pf_rd_r=J2QZREJYRFS5S5TT6MW1&pf_rd_s=center-1&pf_rd_t=15506&pf_rd_i=top&ref_=chttp_tt_62
title,year,rating,genero,diretor,url
Sunset Blvd.,1950,8.4,Drama,Billy Wilder,https://www.imdb.com/title/tt0043014/?pf_rd_m=A2FGELUUNOQJNL&pf_rd_p=1a264172-ae11-42e4-8ef7-7fed1973bb8f&pf_rd_r=J2QZREJYRFS5S5TT6MW1&pf_rd_s=center-1&pf_rd_t=15506&pf_rd_i=top&ref_=chttp_tt_59
title,year,rating,genero,diretor,url
Paths of Glory,1957,8.4,Drama,Stanley Kubrick,https://www.imdb.com/title/tt0050825/?pf_rd_m=A2FGELUUNOQJNL&pf_rd_p=1a264172-ae11-42e4-8ef7-7fed1973bb8f&pf_rd_r=J2QZREJYRFS5S5TT6MW1&pf_rd_s=center-1&pf_rd_t=15506&pf_rd_i=top&ref_=chttp_tt_60
title,year,rating,genero,diretor,url
Memento,2000,8.4,Mystery,Christopher Nolan,https://www.imdb.com/title/tt0209144/?pf_rd_m=A2FGELUUNOQJNL&pf_rd_p=1a264172-ae11-42e4-8ef7-7fed1973bb8f&pf_rd_r=J2QZREJYRFS5S5TT6MW1&pf_rd_s=center-1&pf_rd_t=15506&pf_rd_i=top&ref_=chttp_tt_54
title,year,rating,genero,diretor,url
WALL·E,2008,8.4,Animation,Andrew Stanton,https://www.imdb.com/title/tt0910970/?pf_rd_m=A2FGELUUNOQJNL&pf_rd_p=1a264172-ae11-42e4-8ef7-7fed1973bb8f&pf_rd_r=J2QZREJYRFS5S5TT6MW1&pf_rd_s=center-1&pf_rd_t=15506&pf_rd_i=top&ref_=chttp_tt_57
title,year,rating,genero,diretor,url
The Lives of Others,2006,8.4,Drama,Florian Henckel von Donnersmarck,https://www.imdb.com/title/tt0405094/?pf_rd_m=A2FGELUUNOQJNL&pf_rd_p=1a264172-ae11-42e4-8ef7-7fed1973bb8f&pf_rd_r=J2QZREJYRFS5S5TT6MW1&pf_rd_s=center-1&pf_rd_t=15506&pf_rd_i=top&ref_=chttp_tt_58
title,year,rating,genero,diretor,url
Django Unchained,2012,8.4,Drama,Quentin Tarantino,https://www.imdb.com/title/tt1853728/?pf_rd_m=A2FGELUUNOQJNL&pf_rd_p=1a264172-ae11-42e4-8ef7-7fed1973bb8f&pf_rd_r=J2QZREJYRFS5S5TT6MW1&pf_rd_s=center-1&pf_rd_t=15506&pf_rd_i=top&ref_=chttp_tt_55
title,year,rating,genero,diretor,url
Raiders of the Lost Ark,1981,8.4,Action,Steven Spielberg,https://www.imdb.com/title/tt0082971/?pf_rd_m=A2FGELUUNOQJNL&pf_rd_p=1a264172-ae11-42e4-8ef7-7fed1973bb8f&pf_rd_r=J2QZREJYRFS5S5TT6MW1&pf_rd_s=center-1&pf_rd_t=15506&pf_rd_i=top&ref_=chttp_tt_56
title,year,rating,genero,diretor,url
Alien,1979,8.4,Horror,Ridley Scott,https://www.imdb.com/title/tt0078748/?pf_rd_m=A2FGELUUNOQJNL&pf_rd_p=1a264172-ae11-42e4-8ef7-7fed1973bb8f&pf_rd_r=J2QZREJYRFS5S5TT6MW1&pf_rd_s=center-1&pf_rd_t=15506&pf_rd_i=top&ref_=chttp_tt_51
title,year,rating,genero,diretor,url
Apocalypse Now,1979,8.4,Drama,Francis Ford Coppola,https://www.imdb.com/title/tt0078788/?pf_rd_m=A2FGELUUNOQJNL&pf_rd_p=1a264172-ae11-42e4-8ef7-7fed1973bb8f&pf_rd_r=J2QZREJYRFS5S5TT6MW1&pf_rd_s=center-1&pf_rd_t=15506&pf_rd_i=top&ref_=chttp_tt_53
title,year,rating,genero,diretor,url
The Intouchables,2011,8.5,Biography,Olivier Nakache,https://www.imdb.com/title/tt1675434/?pf_rd_m=A2FGELUUNOQJNL&pf_rd_p=1a264172-ae11-42e4-8ef7-7fed1973bb8f&pf_rd_r=J2QZREJYRFS5S5TT6MW1&pf_rd_s=center-1&pf_rd_t=15506&pf_rd_i=top&ref_=chttp_tt_46
title,year,rating,genero,diretor,url
Modern Times,1936,8.4,Comedy,Charles Chaplin,https://www.imdb.com/title/tt0027977/?pf_rd_m=A2FGELUUNOQJNL&pf_rd_p=1a264172-ae11-42e4-8ef7-7fed1973bb8f&pf_rd_r=J2QZREJYRFS5S5TT6MW1&pf_rd_s=center-1&pf_rd_t=15506&pf_rd_i=top&ref_=chttp_tt_47
title,year,rating,genero,diretor,url
Once Upon a Time in the West,1968,8.4,Western,Sergio Leone,https://www.imdb.com/title/tt0064116/?pf_rd_m=A2FGELUUNOQJNL&pf_rd_p=1a264172-ae11-42e4-8ef7-7fed1973bb8f&pf_rd_r=J2QZREJYRFS5S5TT6MW1&pf_rd_s=center-1&pf_rd_t=15506&pf_rd_i=top&ref_=chttp_tt_48
title,year,rating,genero,diretor,url
Rear Window,1954,8.4,Mystery,Alfred Hitchcock,https://www.imdb.com/title/tt0047396/?pf_rd_m=A2FGELUUNOQJNL&pf_rd_p=1a264172-ae11-42e4-8ef7-7fed1973bb8f&pf_rd_r=J2QZREJYRFS5S5TT6MW1&pf_rd_s=center-1&pf_rd_t=15506&pf_rd_i=top&ref_=chttp_tt_50
title,year,rating,genero,diretor,url
City Lights,1931,8.4,Comedy,Charles Chaplin,https://www.imdb.com/title/tt0021749/?pf_rd_m=A2FGELUUNOQJNL&pf_rd_p=1a264172-ae11-42e4-8ef7-7fed1973bb8f&pf_rd_r=J2QZREJYRFS5S5TT6MW1&pf_rd_s=center-1&pf_rd_t=15506&pf_rd_i=top&ref_=chttp_tt_52
title,year,rating,genero,diretor,url
Harakiri,1962,8.5,Action,Masaki Kobayashi,https://www.imdb.com/title/tt0056058/?pf_rd_m=A2FGELUUNOQJNL&pf_rd_p=1a264172-ae11-42e4-8ef7-7fed1973bb8f&pf_rd_r=J2QZREJYRFS5S5TT6MW1&pf_rd_s=center-1&pf_rd_t=15506&pf_rd_i=top&ref_=chttp_tt_45
title,year,rating,genero,diretor,url
Grave of the Fireflies,1988,8.5,Animation,Isao Takahata,https://www.imdb.com/title/tt0095327/?pf_rd_m=A2FGELUUNOQJNL&pf_rd_p=1a264172-ae11-42e4-8ef7-7fed1973bb8f&pf_rd_r=J2QZREJYRFS5S5TT6MW1&pf_rd_s=center-1&pf_rd_t=15506&pf_rd_i=top&ref_=chttp_tt_44
title,year,rating,genero,diretor,url
Casablanca,1942,8.5,Drama,Michael Curtiz,https://www.imdb.com/title/tt0034583/?pf_rd_m=A2FGELUUNOQJNL&pf_rd_p=1a264172-ae11-42e4-8ef7-7fed1973bb8f&pf_rd_r=J2QZREJYRFS5S5TT6MW1&pf_rd_s=center-1&pf_rd_t=15506&pf_rd_i=top&ref_=chttp_tt_43
title,year,rating,genero,diretor,url
Cinema Paradiso,1988,8.4,Drama,Giuseppe Tornatore,https://www.imdb.com/title/tt0095765/?pf_rd_m=A2FGELUUNOQJNL&pf_rd_p=1a264172-ae11-42e4-8ef7-7fed1973bb8f&pf_rd_r=J2QZREJYRFS5S5TT6MW1&pf_rd_s=center-1&pf_rd_t=15506&pf_rd_i=top&ref_=chttp_tt_49
title,year,rating,genero,diretor,url
American History X,1998,8.5,Crime,Tony Kaye,https://www.imdb.com/title/tt0120586/?pf_rd_m=A2FGELUUNOQJNL&pf_rd_p=1a264172-ae11-42e4-8ef7-7fed1973bb8f&pf_rd_r=J2QZREJYRFS5S5TT6MW1&pf_rd_s=center-1&pf_rd_t=15506&pf_rd_i=top&ref_=chttp_tt_38
title,year,rating,genero,diretor,url
Whiplash,2014,8.5,Drama,Damien Chazelle,https://www.imdb.com/title/tt2582802/?pf_rd_m=A2FGELUUNOQJNL&pf_rd_p=1a264172-ae11-42e4-8ef7-7fed1973bb8f&pf_rd_r=J2QZREJYRFS5S5TT6MW1&pf_rd_s=center-1&pf_rd_t=15506&pf_rd_i=top&ref_=chttp_tt_41
title,year,rating,genero,diretor,url
The Usual Suspects,1995,8.5,Crime,Bryan Singer,https://www.imdb.com/title/tt0114814/?pf_rd_m=A2FGELUUNOQJNL&pf_rd_p=1a264172-ae11-42e4-8ef7-7fed1973bb8f&pf_rd_r=J2QZREJYRFS5S5TT6MW1&pf_rd_s=center-1&pf_rd_t=15506&pf_rd_i=top&ref_=chttp_tt_42
title,year,rating,genero,diretor,url
The Departed,2006,8.5,Crime,Martin Scorsese,https://www.imdb.com/title/tt0407887/?pf_rd_m=A2FGELUUNOQJNL&pf_rd_p=1a264172-ae11-42e4-8ef7-7fed1973bb8f&pf_rd_r=J2QZREJYRFS5S5TT6MW1&pf_rd_s=center-1&pf_rd_t=15506&pf_rd_i=top&ref_=chttp_tt_39
title,year,rating,genero,diretor,url
The Prestige,2006,8.5,Drama,Christopher Nolan,https://www.imdb.com/title/tt0482571/?pf_rd_m=A2FGELUUNOQJNL&pf_rd_p=1a264172-ae11-42e4-8ef7-7fed1973bb8f&pf_rd_r=J2QZREJYRFS5S5TT6MW1&pf_rd_s=center-1&pf_rd_t=15506&pf_rd_i=top&ref_=chttp_tt_40
title,year,rating,genero,diretor,url
Gladiator,2000,8.5,Action,Ridley Scott,https://www.imdb.com/title/tt0172495/?pf_rd_m=A2FGELUUNOQJNL&pf_rd_p=1a264172-ae11-42e4-8ef7-7fed1973bb8f&pf_rd_r=J2QZREJYRFS5S5TT6MW1&pf_rd_s=center-1&pf_rd_t=15506&pf_rd_i=top&ref_=chttp_tt_37
title,year,rating,genero,diretor,url
Léon: The Professional,1994,8.5,Action,Luc Besson,https://www.imdb.com/title/tt0110413/?pf_rd_m=A2FGELUUNOQJNL&pf_rd_p=1a264172-ae11-42e4-8ef7-7fed1973bb8f&pf_rd_r=J2QZREJYRFS5S5TT6MW1&pf_rd_s=center-1&pf_rd_t=15506&pf_rd_i=top&ref_=chttp_tt_35
title,year,rating,genero,diretor,url
The Lion King,1994,8.5,Animation,Roger Allers,https://www.imdb.com/title/tt0110357/?pf_rd_m=A2FGELUUNOQJNL&pf_rd_p=1a264172-ae11-42e4-8ef7-7fed1973bb8f&pf_rd_r=J2QZREJYRFS5S5TT6MW1&pf_rd_s=center-1&pf_rd_t=15506&pf_rd_i=top&ref_=chttp_tt_36
title,year,rating,genero,diretor,url
Parasite,2019,8.5,Drama,Bong Joon Ho,https://www.imdb.com/title/tt6751668/?pf_rd_m=A2FGELUUNOQJNL&pf_rd_p=1a264172-ae11-42e4-8ef7-7fed1973bb8f&pf_rd_r=J2QZREJYRFS5S5TT6MW1&pf_rd_s=center-1&pf_rd_t=15506&pf_rd_i=top&ref_=chttp_tt_34
title,year,rating,genero,diretor,url
Spirited Away,2001,8.5,Animation,Hayao Miyazaki,https://www.imdb.com/title/tt0245429/?pf_rd_m=A2FGELUUNOQJNL&pf_rd_p=1a264172-ae11-42e4-8ef7-7fed1973bb8f&pf_rd_r=J2QZREJYRFS5S5TT6MW1&pf_rd_s=center-1&pf_rd_t=15506&pf_rd_i=top&ref_=chttp_tt_31
title,year,rating,genero,diretor,url
Back to the Future,1985,8.5,Adventure,Robert Zemeckis,https://www.imdb.com/title/tt0088763/?pf_rd_m=A2FGELUUNOQJNL&pf_rd_p=1a264172-ae11-42e4-8ef7-7fed1973bb8f&pf_rd_r=J2QZREJYRFS5S5TT6MW1&pf_rd_s=center-1&pf_rd_t=15506&pf_rd_i=top&ref_=chttp_tt_30
title,year,rating,genero,diretor,url
The Green Mile,1999,8.6,Crime,Frank Darabont,https://www.imdb.com/title/tt0120689/?pf_rd_m=A2FGELUUNOQJNL&pf_rd_p=1a264172-ae11-42e4-8ef7-7fed1973bb8f&pf_rd_r=J2QZREJYRFS5S5TT6MW1&pf_rd_s=center-1&pf_rd_t=15506&pf_rd_i=top&ref_=chttp_tt_27
title,year,rating,genero,diretor,url
The Pianist,2002,8.5,Biography,Roman Polanski,https://www.imdb.com/title/tt0253474/?pf_rd_m=A2FGELUUNOQJNL&pf_rd_p=1a264172-ae11-42e4-8ef7-7fed1973bb8f&pf_rd_r=J2QZREJYRFS5S5TT6MW1&pf_rd_s=center-1&pf_rd_t=15506&pf_rd_i=top&ref_=chttp_tt_32
title,year,rating,genero,diretor,url
Psycho,1960,8.5,Horror,Alfred Hitchcock,https://www.imdb.com/title/tt0054215/?pf_rd_m=A2FGELUUNOQJNL&pf_rd_p=1a264172-ae11-42e4-8ef7-7fed1973bb8f&pf_rd_r=J2QZREJYRFS5S5TT6MW1&pf_rd_s=center-1&pf_rd_t=15506&pf_rd_i=top&ref_=chttp_tt_33
title,year,rating,genero,diretor,url
Star Wars: Episode IV - A New Hope,1977,8.5,Action,George Lucas,https://www.imdb.com/title/tt0076759/?pf_rd_m=A2FGELUUNOQJNL&pf_rd_p=1a264172-ae11-42e4-8ef7-7fed1973bb8f&pf_rd_r=J2QZREJYRFS5S5TT6MW1&pf_rd_s=center-1&pf_rd_t=15506&pf_rd_i=top&ref_=chttp_tt_28
title,year,rating,genero,diretor,url
Terminator 2: Judgment Day,1991,8.5,Action,James Cameron,https://www.imdb.com/title/tt0103064/?pf_rd_m=A2FGELUUNOQJNL&pf_rd_p=1a264172-ae11-42e4-8ef7-7fed1973bb8f&pf_rd_r=J2QZREJYRFS5S5TT6MW1&pf_rd_s=center-1&pf_rd_t=15506&pf_rd_i=top&ref_=chttp_tt_29
title,year,rating,genero,diretor,url
City of God,2002,8.6,Crime,Fernando Meirelles,https://www.imdb.com/title/tt0317248/?pf_rd_m=A2FGELUUNOQJNL&pf_rd_p=1a264172-ae11-42e4-8ef7-7fed1973bb8f&pf_rd_r=J2QZREJYRFS5S5TT6MW1&pf_rd_s=center-1&pf_rd_t=15506&pf_rd_i=top&ref_=chttp_tt_24
title,year,rating,genero,diretor,url
Life Is Beautiful,1997,8.6,Comedy,Roberto Benigni,https://www.imdb.com/title/tt0118799/?pf_rd_m=A2FGELUUNOQJNL&pf_rd_p=1a264172-ae11-42e4-8ef7-7fed1973bb8f&pf_rd_r=J2QZREJYRFS5S5TT6MW1&pf_rd_s=center-1&pf_rd_t=15506&pf_rd_i=top&ref_=chttp_tt_26
title,year,rating,genero,diretor,url
Saving Private Ryan,1998,8.6,Drama,Steven Spielberg,https://www.imdb.com/title/tt0120815/?pf_rd_m=A2FGELUUNOQJNL&pf_rd_p=1a264172-ae11-42e4-8ef7-7fed1973bb8f&pf_rd_r=J2QZREJYRFS5S5TT6MW1&pf_rd_s=center-1&pf_rd_t=15506&pf_rd_i=top&ref_=chttp_tt_23
title,year,rating,genero,diretor,url
It's a Wonderful Life,1946,8.6,Drama,Frank Capra,https://www.imdb.com/title/tt0038650/?pf_rd_m=A2FGELUUNOQJNL&pf_rd_p=1a264172-ae11-42e4-8ef7-7fed1973bb8f&pf_rd_r=J2QZREJYRFS5S5TT6MW1&pf_rd_s=center-1&pf_rd_t=15506&pf_rd_i=top&ref_=chttp_tt_21
title,year,rating,genero,diretor,url
The Silence of the Lambs,1991,8.6,Crime,Jonathan Demme,https://www.imdb.com/title/tt0102926/?pf_rd_m=A2FGELUUNOQJNL&pf_rd_p=1a264172-ae11-42e4-8ef7-7fed1973bb8f&pf_rd_r=J2QZREJYRFS5S5TT6MW1&pf_rd_s=center-1&pf_rd_t=15506&pf_rd_i=top&ref_=chttp_tt_22
title,year,rating,genero,diretor,url
Seven Samurai,1954,8.6,Action,Akira Kurosawa,https://www.imdb.com/title/tt0047478/?pf_rd_m=A2FGELUUNOQJNL&pf_rd_p=1a264172-ae11-42e4-8ef7-7fed1973bb8f&pf_rd_r=J2QZREJYRFS5S5TT6MW1&pf_rd_s=center-1&pf_rd_t=15506&pf_rd_i=top&ref_=chttp_tt_20
title,year,rating,genero,diretor,url
One Flew Over the Cuckoo's Nest,1975,8.6,Drama,Milos Forman,https://www.imdb.com/title/tt0073486/?pf_rd_m=A2FGELUUNOQJNL&pf_rd_p=1a264172-ae11-42e4-8ef7-7fed1973bb8f&pf_rd_r=J2QZREJYRFS5S5TT6MW1&pf_rd_s=center-1&pf_rd_t=15506&pf_rd_i=top&ref_=chttp_tt_18
title,year,rating,genero,diretor,url
Se7en,1995,8.6,Crime,David Fincher,https://www.imdb.com/title/tt0114369/?pf_rd_m=A2FGELUUNOQJNL&pf_rd_p=1a264172-ae11-42e4-8ef7-7fed1973bb8f&pf_rd_r=J2QZREJYRFS5S5TT6MW1&pf_rd_s=center-1&pf_rd_t=15506&pf_rd_i=top&ref_=chttp_tt_19
title,year,rating,genero,diretor,url
Interstellar,2014,8.6,Adventure,Christopher Nolan,https://www.imdb.com/title/tt0816692/?pf_rd_m=A2FGELUUNOQJNL&pf_rd_p=1a264172-ae11-42e4-8ef7-7fed1973bb8f&pf_rd_r=J2QZREJYRFS5S5TT6MW1&pf_rd_s=center-1&pf_rd_t=15506&pf_rd_i=top&ref_=chttp_tt_25
title,year,rating,genero,diretor,url
Goodfellas,1990,8.7,Biography,Martin Scorsese,https://www.imdb.com/title/tt0099685/?pf_rd_m=A2FGELUUNOQJNL&pf_rd_p=1a264172-ae11-42e4-8ef7-7fed1973bb8f&pf_rd_r=J2QZREJYRFS5S5TT6MW1&pf_rd_s=center-1&pf_rd_t=15506&pf_rd_i=top&ref_=chttp_tt_17
